product_code,size,site,style_name,color,offer_url
,3,very,Barbour Abbey Full Length Wellington,Black,https://www.very.co.uk/barbour-abbey-full-length-wellington-black/1600477278.prd
,4,very,Barbour Abbey Full Length Wellington,Black,https://www.very.co.uk/barbour-abbey-full-length-wellington-black/1600477278.prd
,5,very,Barbour Abbey Full Length Wellington,Black,https://www.very.co.uk/barbour-abbey-full-length-wellington-black/1600477278.prd
,6,very,Barbour Abbey Full Length Wellington,Black,https://www.very.co.uk/barbour-abbey-full-length-wellington-black/1600477278.prd
,7,very,Barbour Abbey Full Length Wellington,Black,https://www.very.co.uk/barbour-abbey-full-length-wellington-black/1600477278.prd
,8,very,Barbour Abbey Full Length Wellington,Black,https://www.very.co.uk/barbour-abbey-full-length-wellington-black/1600477278.prd
,9,very,Barbour Abbey Full Length Wellington,Black,https://www.very.co.uk/barbour-abbey-full-length-wellington-black/1600477278.prd
,8,very,Barbour Abby Dress,Navy,https://www.very.co.uk/barbour-abby-dress-navy/1601144526.prd
,10,very,Barbour Abby Dress,Navy,https://www.very.co.uk/barbour-abby-dress-navy/1601144526.prd
,12,very,Barbour Abby Dress,Navy,https://www.very.co.uk/barbour-abby-dress-navy/1601144526.prd
,14,very,Barbour Abby Dress,Navy,https://www.very.co.uk/barbour-abby-dress-navy/1601144526.prd
,16,very,Barbour Abby Dress,Navy,https://www.very.co.uk/barbour-abby-dress-navy/1601144526.prd
,18,very,Barbour Abby Dress,Navy,https://www.very.co.uk/barbour-abby-dress-navy/1601144526.prd
,3,very,Barbour Adele Sandal,Black,https://www.very.co.uk/barbour-adele-sandal-black/1601100335.prd
,4,very,Barbour Adele Sandal,Black,https://www.very.co.uk/barbour-adele-sandal-black/1601100335.prd
,5,very,Barbour Adele Sandal,Black,https://www.very.co.uk/barbour-adele-sandal-black/1601100335.prd
,6,very,Barbour Adele Sandal,Black,https://www.very.co.uk/barbour-adele-sandal-black/1601100335.prd
,7,very,Barbour Adele Sandal,Black,https://www.very.co.uk/barbour-adele-sandal-black/1601100335.prd
,8,very,Barbour Adele Sandal,Black,https://www.very.co.uk/barbour-adele-sandal-black/1601100335.prd
,L,very,Barbour Allanton Embossed Logo Leather Belt,Brown,https://www.very.co.uk/barbour-allanton-embossed-logo-leather-belt-brown/1600373388.prd
,M,very,Barbour Allanton Embossed Logo Leather Belt,Brown,https://www.very.co.uk/barbour-allanton-embossed-logo-leather-belt-brown/1600373388.prd
,8,very,Barbour Anise Quilt,Khaki,https://www.very.co.uk/barbour-anise-quilt-khaki/1601101017.prd
,10,very,Barbour Anise Quilt,Khaki,https://www.very.co.uk/barbour-anise-quilt-khaki/1601101017.prd
,12,very,Barbour Anise Quilt,Khaki,https://www.very.co.uk/barbour-anise-quilt-khaki/1601101017.prd
,14,very,Barbour Anise Quilt,Khaki,https://www.very.co.uk/barbour-anise-quilt-khaki/1601101017.prd
,16,very,Barbour Anise Quilt,Khaki,https://www.very.co.uk/barbour-anise-quilt-khaki/1601101017.prd
,18,very,Barbour Anise Quilt,Khaki,https://www.very.co.uk/barbour-anise-quilt-khaki/1601101017.prd
,3,very,Barbour Aspen Espadrille Wedge,Black,https://www.very.co.uk/barbour-aspen-espadrille-wedge-black/1601100354.prd
,4,very,Barbour Aspen Espadrille Wedge,Black,https://www.very.co.uk/barbour-aspen-espadrille-wedge-black/1601100354.prd
,5,very,Barbour Aspen Espadrille Wedge,Black,https://www.very.co.uk/barbour-aspen-espadrille-wedge-black/1601100354.prd
,6,very,Barbour Aspen Espadrille Wedge,Black,https://www.very.co.uk/barbour-aspen-espadrille-wedge-black/1601100354.prd
,7,very,Barbour Aspen Espadrille Wedge,Black,https://www.very.co.uk/barbour-aspen-espadrille-wedge-black/1601100354.prd
,8,very,Barbour Aspen Espadrille Wedge,Black,https://www.very.co.uk/barbour-aspen-espadrille-wedge-black/1601100354.prd
,6,very,Barbour Aydon Suede Derby Shoes,Dark Brown,https://www.very.co.uk/barbour-aydon-suede-derby-shoes-dark-brown/1601180566.prd
,7,very,Barbour Aydon Suede Derby Shoes,Dark Brown,https://www.very.co.uk/barbour-aydon-suede-derby-shoes-dark-brown/1601180566.prd
,8,very,Barbour Aydon Suede Derby Shoes,Dark Brown,https://www.very.co.uk/barbour-aydon-suede-derby-shoes-dark-brown/1601180566.prd
,9,very,Barbour Aydon Suede Derby Shoes,Dark Brown,https://www.very.co.uk/barbour-aydon-suede-derby-shoes-dark-brown/1601180566.prd
,10,very,Barbour Aydon Suede Derby Shoes,Dark Brown,https://www.very.co.uk/barbour-aydon-suede-derby-shoes-dark-brown/1601180566.prd
,11,very,Barbour Aydon Suede Derby Shoes,Dark Brown,https://www.very.co.uk/barbour-aydon-suede-derby-shoes-dark-brown/1601180566.prd
,12,very,Barbour Aydon Suede Derby Shoes,Dark Brown,https://www.very.co.uk/barbour-aydon-suede-derby-shoes-dark-brown/1601180566.prd
,6,very,Barbour Aydon Suede Derby Shoes,Brown,https://www.very.co.uk/barbour-aydon-suede-derby-shoes-brown/1601180579.prd
,7,very,Barbour Aydon Suede Derby Shoes,Brown,https://www.very.co.uk/barbour-aydon-suede-derby-shoes-brown/1601180579.prd
,8,very,Barbour Aydon Suede Derby Shoes,Brown,https://www.very.co.uk/barbour-aydon-suede-derby-shoes-brown/1601180579.prd
,9,very,Barbour Aydon Suede Derby Shoes,Brown,https://www.very.co.uk/barbour-aydon-suede-derby-shoes-brown/1601180579.prd
,10,very,Barbour Aydon Suede Derby Shoes,Brown,https://www.very.co.uk/barbour-aydon-suede-derby-shoes-brown/1601180579.prd
,11,very,Barbour Aydon Suede Derby Shoes,Brown,https://www.very.co.uk/barbour-aydon-suede-derby-shoes-brown/1601180579.prd
,12,very,Barbour Aydon Suede Derby Shoes,Brown,https://www.very.co.uk/barbour-aydon-suede-derby-shoes-brown/1601180579.prd
,3,very,Barbour Banbury Midi Wellington Boots,Khaki,https://www.very.co.uk/barbour-banbury-midi-wellington-boots-khaki/1601100352.prd
,4,very,Barbour Banbury Midi Wellington Boots,Khaki,https://www.very.co.uk/barbour-banbury-midi-wellington-boots-khaki/1601100352.prd
,5,very,Barbour Banbury Midi Wellington Boots,Khaki,https://www.very.co.uk/barbour-banbury-midi-wellington-boots-khaki/1601100352.prd
,6,very,Barbour Banbury Midi Wellington Boots,Khaki,https://www.very.co.uk/barbour-banbury-midi-wellington-boots-khaki/1601100352.prd
,7,very,Barbour Banbury Midi Wellington Boots,Khaki,https://www.very.co.uk/barbour-banbury-midi-wellington-boots-khaki/1601100352.prd
,8,very,Barbour Banbury Midi Wellington Boots,Khaki,https://www.very.co.uk/barbour-banbury-midi-wellington-boots-khaki/1601100352.prd
,9,very,Barbour Banbury Midi Wellington Boots,Khaki,https://www.very.co.uk/barbour-banbury-midi-wellington-boots-khaki/1601100352.prd
,6,very,Barbour Barbour Everitt Mule Faux Suede Slippers,No Data,https://www.very.co.uk/barbour-barbour-everitt-mule-faux-suede-slippers/1601180554.prd
,7,very,Barbour Barbour Everitt Mule Faux Suede Slippers,No Data,https://www.very.co.uk/barbour-barbour-everitt-mule-faux-suede-slippers/1601180554.prd
,8,very,Barbour Barbour Everitt Mule Faux Suede Slippers,No Data,https://www.very.co.uk/barbour-barbour-everitt-mule-faux-suede-slippers/1601180554.prd
,9,very,Barbour Barbour Everitt Mule Faux Suede Slippers,No Data,https://www.very.co.uk/barbour-barbour-everitt-mule-faux-suede-slippers/1601180554.prd
,10,very,Barbour Barbour Everitt Mule Faux Suede Slippers,No Data,https://www.very.co.uk/barbour-barbour-everitt-mule-faux-suede-slippers/1601180554.prd
,11,very,Barbour Barbour Everitt Mule Faux Suede Slippers,No Data,https://www.very.co.uk/barbour-barbour-everitt-mule-faux-suede-slippers/1601180554.prd
,12,very,Barbour Barbour Everitt Mule Faux Suede Slippers,No Data,https://www.very.co.uk/barbour-barbour-everitt-mule-faux-suede-slippers/1601180554.prd
,6,very,Barbour Barbour Harrison Waterproof Lace Up Boots,No Data,https://www.very.co.uk/barbour-barbour-harrison-waterproof-lace-up-boots/1601180564.prd
,7,very,Barbour Barbour Harrison Waterproof Lace Up Boots,No Data,https://www.very.co.uk/barbour-barbour-harrison-waterproof-lace-up-boots/1601180564.prd
,8,very,Barbour Barbour Harrison Waterproof Lace Up Boots,No Data,https://www.very.co.uk/barbour-barbour-harrison-waterproof-lace-up-boots/1601180564.prd
,9,very,Barbour Barbour Harrison Waterproof Lace Up Boots,No Data,https://www.very.co.uk/barbour-barbour-harrison-waterproof-lace-up-boots/1601180564.prd
,10,very,Barbour Barbour Harrison Waterproof Lace Up Boots,No Data,https://www.very.co.uk/barbour-barbour-harrison-waterproof-lace-up-boots/1601180564.prd
,11,very,Barbour Barbour Harrison Waterproof Lace Up Boots,No Data,https://www.very.co.uk/barbour-barbour-harrison-waterproof-lace-up-boots/1601180564.prd
,12,very,Barbour Barbour Harrison Waterproof Lace Up Boots,No Data,https://www.very.co.uk/barbour-barbour-harrison-waterproof-lace-up-boots/1601180564.prd
,3,very,Barbour Barbour Marla Chelsea Boot,Red,https://www.very.co.uk/barbour-barbour-marla-chelsea-boot-red/1601183694.prd
,4,very,Barbour Barbour Marla Chelsea Boot,Red,https://www.very.co.uk/barbour-barbour-marla-chelsea-boot-red/1601183694.prd
,5,very,Barbour Barbour Marla Chelsea Boot,Red,https://www.very.co.uk/barbour-barbour-marla-chelsea-boot-red/1601183694.prd
,6,very,Barbour Barbour Marla Chelsea Boot,Red,https://www.very.co.uk/barbour-barbour-marla-chelsea-boot-red/1601183694.prd
,7,very,Barbour Barbour Marla Chelsea Boot,Red,https://www.very.co.uk/barbour-barbour-marla-chelsea-boot-red/1601183694.prd
,8,very,Barbour Barbour Marla Chelsea Boot,Red,https://www.very.co.uk/barbour-barbour-marla-chelsea-boot-red/1601183694.prd
,3,very,Barbour Barbour Mowbray Mid Welly,Navy,https://www.very.co.uk/barbour-barbour-mowbray-mid-welly-navy/1601183691.prd
,4,very,Barbour Barbour Mowbray Mid Welly,Navy,https://www.very.co.uk/barbour-barbour-mowbray-mid-welly-navy/1601183691.prd
,5,very,Barbour Barbour Mowbray Mid Welly,Navy,https://www.very.co.uk/barbour-barbour-mowbray-mid-welly-navy/1601183691.prd
,6,very,Barbour Barbour Mowbray Mid Welly,Navy,https://www.very.co.uk/barbour-barbour-mowbray-mid-welly-navy/1601183691.prd
,7,very,Barbour Barbour Mowbray Mid Welly,Navy,https://www.very.co.uk/barbour-barbour-mowbray-mid-welly-navy/1601183691.prd
,8,very,Barbour Barbour Mowbray Mid Welly,Navy,https://www.very.co.uk/barbour-barbour-mowbray-mid-welly-navy/1601183691.prd
,3,very,Barbour Barbour Sidneigh Chelsea Boot,Black,https://www.very.co.uk/barbour-barbour-sidneigh-chelsea-boot-black/1601183704.prd
,4,very,Barbour Barbour Sidneigh Chelsea Boot,Black,https://www.very.co.uk/barbour-barbour-sidneigh-chelsea-boot-black/1601183704.prd
,5,very,Barbour Barbour Sidneigh Chelsea Boot,Black,https://www.very.co.uk/barbour-barbour-sidneigh-chelsea-boot-black/1601183704.prd
,6,very,Barbour Barbour Sidneigh Chelsea Boot,Black,https://www.very.co.uk/barbour-barbour-sidneigh-chelsea-boot-black/1601183704.prd
,7,very,Barbour Barbour Sidneigh Chelsea Boot,Black,https://www.very.co.uk/barbour-barbour-sidneigh-chelsea-boot-black/1601183704.prd
,8,very,Barbour Barbour Sidneigh Chelsea Boot,Black,https://www.very.co.uk/barbour-barbour-sidneigh-chelsea-boot-black/1601183704.prd
,XXL,very,Barbour Beckhill 1/2 Zip Sweat Top,Navy,https://www.very.co.uk/barbour-beckhill-12-zip-sweat-top-navy/1601015659.prd
,XXXL,very,Barbour Beckhill 1/2 Zip Sweat Top,Navy,https://www.very.co.uk/barbour-beckhill-12-zip-sweat-top-navy/1601015659.prd
,L,very,Barbour Beckhill 1/2 Zip Sweat Top,Navy,https://www.very.co.uk/barbour-beckhill-12-zip-sweat-top-navy/1601015659.prd
,M,very,Barbour Beckhill 1/2 Zip Sweat Top,Navy,https://www.very.co.uk/barbour-beckhill-12-zip-sweat-top-navy/1601015659.prd
,S,very,Barbour Beckhill 1/2 Zip Sweat Top,Navy,https://www.very.co.uk/barbour-beckhill-12-zip-sweat-top-navy/1601015659.prd
,XL,very,Barbour Beckhill 1/2 Zip Sweat Top,Navy,https://www.very.co.uk/barbour-beckhill-12-zip-sweat-top-navy/1601015659.prd
,XXL,very,Barbour Beckhill 1/2 Zip Sweat Top,Grey,https://www.very.co.uk/barbour-beckhill-12-zip-sweat-top-grey/1601174845.prd
,XXXL,very,Barbour Beckhill 1/2 Zip Sweat Top,Grey,https://www.very.co.uk/barbour-beckhill-12-zip-sweat-top-grey/1601174845.prd
,L,very,Barbour Beckhill 1/2 Zip Sweat Top,Grey,https://www.very.co.uk/barbour-beckhill-12-zip-sweat-top-grey/1601174845.prd
,M,very,Barbour Beckhill 1/2 Zip Sweat Top,Grey,https://www.very.co.uk/barbour-beckhill-12-zip-sweat-top-grey/1601174845.prd
,S,very,Barbour Beckhill 1/2 Zip Sweat Top,Grey,https://www.very.co.uk/barbour-beckhill-12-zip-sweat-top-grey/1601174845.prd
,XL,very,Barbour Beckhill 1/2 Zip Sweat Top,Grey,https://www.very.co.uk/barbour-beckhill-12-zip-sweat-top-grey/1601174845.prd
,XXL,very,Barbour Beckhill Over The Head Hoodie,Grey,https://www.very.co.uk/barbour-beckhill-over-the-head-hoodienbsp-grey/1601174817.prd
,XXXL,very,Barbour Beckhill Over The Head Hoodie,Grey,https://www.very.co.uk/barbour-beckhill-over-the-head-hoodienbsp-grey/1601174817.prd
,L,very,Barbour Beckhill Over The Head Hoodie,Grey,https://www.very.co.uk/barbour-beckhill-over-the-head-hoodienbsp-grey/1601174817.prd
,M,very,Barbour Beckhill Over The Head Hoodie,Grey,https://www.very.co.uk/barbour-beckhill-over-the-head-hoodienbsp-grey/1601174817.prd
,S,very,Barbour Beckhill Over The Head Hoodie,Grey,https://www.very.co.uk/barbour-beckhill-over-the-head-hoodienbsp-grey/1601174817.prd
,XL,very,Barbour Beckhill Over The Head Hoodie,Grey,https://www.very.co.uk/barbour-beckhill-over-the-head-hoodienbsp-grey/1601174817.prd
,XXL,very,Barbour Beckhill Over The Head Hoodie,Navy,https://www.very.co.uk/barbour-beckhill-over-the-head-hoodie-navy/1601174841.prd
,XXXL,very,Barbour Beckhill Over The Head Hoodie,Navy,https://www.very.co.uk/barbour-beckhill-over-the-head-hoodie-navy/1601174841.prd
,L,very,Barbour Beckhill Over The Head Hoodie,Navy,https://www.very.co.uk/barbour-beckhill-over-the-head-hoodie-navy/1601174841.prd
,M,very,Barbour Beckhill Over The Head Hoodie,Navy,https://www.very.co.uk/barbour-beckhill-over-the-head-hoodie-navy/1601174841.prd
,S,very,Barbour Beckhill Over The Head Hoodie,Navy,https://www.very.co.uk/barbour-beckhill-over-the-head-hoodie-navy/1601174841.prd
,XL,very,Barbour Beckhill Over The Head Hoodie,Navy,https://www.very.co.uk/barbour-beckhill-over-the-head-hoodie-navy/1601174841.prd
,L,very,Barbour Belford Trilby Hat,Beige,https://www.very.co.uk/barbour-belford-trilby-hat-beige/1601092247.prd
,M,very,Barbour Belford Trilby Hat,Beige,https://www.very.co.uk/barbour-belford-trilby-hat-beige/1601092247.prd
,8,very,Barbour Bobby Playsuit,Green,https://www.very.co.uk/barbour-bobby-playsuit-green/1601144532.prd
,10,very,Barbour Bobby Playsuit,Green,https://www.very.co.uk/barbour-bobby-playsuit-green/1601144532.prd
,12,very,Barbour Bobby Playsuit,Green,https://www.very.co.uk/barbour-bobby-playsuit-green/1601144532.prd
,14,very,Barbour Bobby Playsuit,Green,https://www.very.co.uk/barbour-bobby-playsuit-green/1601144532.prd
,16,very,Barbour Bobby Playsuit,Green,https://www.very.co.uk/barbour-bobby-playsuit-green/1601144532.prd
,18,very,Barbour Bobby Playsuit,Green,https://www.very.co.uk/barbour-bobby-playsuit-green/1601144532.prd
,8,very,Barbour Cecile Shorts,Beige,https://www.very.co.uk/barbour-cecile-shorts-beige/1601101013.prd
,10,very,Barbour Cecile Shorts,Beige,https://www.very.co.uk/barbour-cecile-shorts-beige/1601101013.prd
,12,very,Barbour Cecile Shorts,Beige,https://www.very.co.uk/barbour-cecile-shorts-beige/1601101013.prd
,14,very,Barbour Cecile Shorts,Beige,https://www.very.co.uk/barbour-cecile-shorts-beige/1601101013.prd
,16,very,Barbour Cecile Shorts,Beige,https://www.very.co.uk/barbour-cecile-shorts-beige/1601101013.prd
,18,very,Barbour Cecile Shorts,Beige,https://www.very.co.uk/barbour-cecile-shorts-beige/1601101013.prd
,8,very,Barbour Colleen Knitted Mini Dress,Navy,https://www.very.co.uk/barbour-colleen-knitted-mini-dress-navy/1601183817.prd
,10,very,Barbour Colleen Knitted Mini Dress,Navy,https://www.very.co.uk/barbour-colleen-knitted-mini-dress-navy/1601183817.prd
,12,very,Barbour Colleen Knitted Mini Dress,Navy,https://www.very.co.uk/barbour-colleen-knitted-mini-dress-navy/1601183817.prd
,14,very,Barbour Colleen Knitted Mini Dress,Navy,https://www.very.co.uk/barbour-colleen-knitted-mini-dress-navy/1601183817.prd
,16,very,Barbour Colleen Knitted Mini Dress,Navy,https://www.very.co.uk/barbour-colleen-knitted-mini-dress-navy/1601183817.prd
,18,very,Barbour Colleen Knitted Mini Dress,Navy,https://www.very.co.uk/barbour-colleen-knitted-mini-dress-navy/1601183817.prd
,6,very,Barbour Cresswell Logo Slider,Dark Green,https://www.very.co.uk/barbour-cresswell-logo-slider-dark-green/1601092109.prd
,7,very,Barbour Cresswell Logo Slider,Dark Green,https://www.very.co.uk/barbour-cresswell-logo-slider-dark-green/1601092109.prd
,8,very,Barbour Cresswell Logo Slider,Dark Green,https://www.very.co.uk/barbour-cresswell-logo-slider-dark-green/1601092109.prd
,9,very,Barbour Cresswell Logo Slider,Dark Green,https://www.very.co.uk/barbour-cresswell-logo-slider-dark-green/1601092109.prd
,10,very,Barbour Cresswell Logo Slider,Dark Green,https://www.very.co.uk/barbour-cresswell-logo-slider-dark-green/1601092109.prd
,11,very,Barbour Cresswell Logo Slider,Dark Green,https://www.very.co.uk/barbour-cresswell-logo-slider-dark-green/1601092109.prd
,12,very,Barbour Cresswell Logo Slider,Dark Green,https://www.very.co.uk/barbour-cresswell-logo-slider-dark-green/1601092109.prd
,8,very,Barbour Daison Mini Dress,Kelly Green Stripe,https://www.very.co.uk/barbour-daison-mini-dress-kelly-green-stripe/1601144508.prd
,10,very,Barbour Daison Mini Dress,Kelly Green Stripe,https://www.very.co.uk/barbour-daison-mini-dress-kelly-green-stripe/1601144508.prd
,12,very,Barbour Daison Mini Dress,Kelly Green Stripe,https://www.very.co.uk/barbour-daison-mini-dress-kelly-green-stripe/1601144508.prd
,14,very,Barbour Daison Mini Dress,Kelly Green Stripe,https://www.very.co.uk/barbour-daison-mini-dress-kelly-green-stripe/1601144508.prd
,16,very,Barbour Daison Mini Dress,Kelly Green Stripe,https://www.very.co.uk/barbour-daison-mini-dress-kelly-green-stripe/1601144508.prd
,18,very,Barbour Daison Mini Dress,Kelly Green Stripe,https://www.very.co.uk/barbour-daison-mini-dress-kelly-green-stripe/1601144508.prd
,8,very,Barbour Daison Top,Kelly Green Stripe,https://www.very.co.uk/barbour-daison-top-kelly-green-stripe/1601144512.prd
,10,very,Barbour Daison Top,Kelly Green Stripe,https://www.very.co.uk/barbour-daison-top-kelly-green-stripe/1601144512.prd
,12,very,Barbour Daison Top,Kelly Green Stripe,https://www.very.co.uk/barbour-daison-top-kelly-green-stripe/1601144512.prd
,14,very,Barbour Daison Top,Kelly Green Stripe,https://www.very.co.uk/barbour-daison-top-kelly-green-stripe/1601144512.prd
,16,very,Barbour Daison Top,Kelly Green Stripe,https://www.very.co.uk/barbour-daison-top-kelly-green-stripe/1601144512.prd
,18,very,Barbour Daison Top,Kelly Green Stripe,https://www.very.co.uk/barbour-daison-top-kelly-green-stripe/1601144512.prd
,6,very,Barbour Deck Boat Shoes,Navy,https://www.very.co.uk/barbour-deck-boat-shoes-navy/1601180558.prd
,7,very,Barbour Deck Boat Shoes,Navy,https://www.very.co.uk/barbour-deck-boat-shoes-navy/1601180558.prd
,8,very,Barbour Deck Boat Shoes,Navy,https://www.very.co.uk/barbour-deck-boat-shoes-navy/1601180558.prd
,9,very,Barbour Deck Boat Shoes,Navy,https://www.very.co.uk/barbour-deck-boat-shoes-navy/1601180558.prd
,10,very,Barbour Deck Boat Shoes,Navy,https://www.very.co.uk/barbour-deck-boat-shoes-navy/1601180558.prd
,11,very,Barbour Deck Boat Shoes,Navy,https://www.very.co.uk/barbour-deck-boat-shoes-navy/1601180558.prd
,12,very,Barbour Deck Boat Shoes,Navy,https://www.very.co.uk/barbour-deck-boat-shoes-navy/1601180558.prd
,8,very,Barbour Deveron Quilt,Beige,https://www.very.co.uk/barbour-deveron-quilt-beige/1600809712.prd
,10,very,Barbour Deveron Quilt,Beige,https://www.very.co.uk/barbour-deveron-quilt-beige/1600809712.prd
,12,very,Barbour Deveron Quilt,Beige,https://www.very.co.uk/barbour-deveron-quilt-beige/1600809712.prd
,14,very,Barbour Deveron Quilt,Beige,https://www.very.co.uk/barbour-deveron-quilt-beige/1600809712.prd
,16,very,Barbour Deveron Quilt,Beige,https://www.very.co.uk/barbour-deveron-quilt-beige/1600809712.prd
,18,very,Barbour Deveron Quilt,Beige,https://www.very.co.uk/barbour-deveron-quilt-beige/1600809712.prd
,20,very,Barbour Deveron Quilt,Beige,https://www.very.co.uk/barbour-deveron-quilt-beige/1600809712.prd
,L,very,Barbour Dog Fully Adjustable Harness,Multi,https://www.very.co.uk/barbour-dog-fully-adjustable-harness-multi/1601180613.prd
,M,very,Barbour Dog Fully Adjustable Harness,Multi,https://www.very.co.uk/barbour-dog-fully-adjustable-harness-multi/1601180613.prd
,S,very,Barbour Dog Fully Adjustable Harness,Multi,https://www.very.co.uk/barbour-dog-fully-adjustable-harness-multi/1601180613.prd
,8,very,Barbour Emlyn Quilt,Beige,https://www.very.co.uk/barbour-emlyn-quilt-beige/1601100957.prd
,10,very,Barbour Emlyn Quilt,Beige,https://www.very.co.uk/barbour-emlyn-quilt-beige/1601100957.prd
,12,very,Barbour Emlyn Quilt,Beige,https://www.very.co.uk/barbour-emlyn-quilt-beige/1601100957.prd
,14,very,Barbour Emlyn Quilt,Beige,https://www.very.co.uk/barbour-emlyn-quilt-beige/1601100957.prd
,16,very,Barbour Emlyn Quilt,Beige,https://www.very.co.uk/barbour-emlyn-quilt-beige/1601100957.prd
,18,very,Barbour Emlyn Quilt,Beige,https://www.very.co.uk/barbour-emlyn-quilt-beige/1601100957.prd
,3,very,Barbour Erin Sandal,Brown,https://www.very.co.uk/barbour-erin-sandal-brown/1601100338.prd
,4,very,Barbour Erin Sandal,Brown,https://www.very.co.uk/barbour-erin-sandal-brown/1601100338.prd
,5,very,Barbour Erin Sandal,Brown,https://www.very.co.uk/barbour-erin-sandal-brown/1601100338.prd
,6,very,Barbour Erin Sandal,Brown,https://www.very.co.uk/barbour-erin-sandal-brown/1601100338.prd
,7,very,Barbour Erin Sandal,Brown,https://www.very.co.uk/barbour-erin-sandal-brown/1601100338.prd
,8,very,Barbour Erin Sandal,Brown,https://www.very.co.uk/barbour-erin-sandal-brown/1601100338.prd
,XXL,very,Barbour Essential Lambswool Half Zip,Charcoal,https://www.very.co.uk/barbour-essential-lambswool-half-zip-charcoal/1600609286.prd
,L,very,Barbour Essential Lambswool Half Zip,Charcoal,https://www.very.co.uk/barbour-essential-lambswool-half-zip-charcoal/1600609286.prd
,M,very,Barbour Essential Lambswool Half Zip,Charcoal,https://www.very.co.uk/barbour-essential-lambswool-half-zip-charcoal/1600609286.prd
,S,very,Barbour Essential Lambswool Half Zip,Charcoal,https://www.very.co.uk/barbour-essential-lambswool-half-zip-charcoal/1600609286.prd
,XL,very,Barbour Essential Lambswool Half Zip,Charcoal,https://www.very.co.uk/barbour-essential-lambswool-half-zip-charcoal/1600609286.prd
,6,very,Barbour Everitt Mule Slippers,Brown,https://www.very.co.uk/barbour-everitt-mule-slippers-brown/1601012617.prd
,7,very,Barbour Everitt Mule Slippers,Brown,https://www.very.co.uk/barbour-everitt-mule-slippers-brown/1601012617.prd
,8,very,Barbour Everitt Mule Slippers,Brown,https://www.very.co.uk/barbour-everitt-mule-slippers-brown/1601012617.prd
,9,very,Barbour Everitt Mule Slippers,Brown,https://www.very.co.uk/barbour-everitt-mule-slippers-brown/1601012617.prd
,10,very,Barbour Everitt Mule Slippers,Brown,https://www.very.co.uk/barbour-everitt-mule-slippers-brown/1601012617.prd
,11,very,Barbour Everitt Mule Slippers,Brown,https://www.very.co.uk/barbour-everitt-mule-slippers-brown/1601012617.prd
,12,very,Barbour Everitt Mule Slippers,Brown,https://www.very.co.uk/barbour-everitt-mule-slippers-brown/1601012617.prd
,3,very,Barbour Evie Chelsea Boot,Black,https://www.very.co.uk/barbour-evie-chelsea-boot-black/1600892065.prd
,4,very,Barbour Evie Chelsea Boot,Black,https://www.very.co.uk/barbour-evie-chelsea-boot-black/1600892065.prd
,5,very,Barbour Evie Chelsea Boot,Black,https://www.very.co.uk/barbour-evie-chelsea-boot-black/1600892065.prd
,6,very,Barbour Evie Chelsea Boot,Black,https://www.very.co.uk/barbour-evie-chelsea-boot-black/1600892065.prd
,7,very,Barbour Evie Chelsea Boot,Black,https://www.very.co.uk/barbour-evie-chelsea-boot-black/1600892065.prd
,8,very,Barbour Evie Chelsea Boot,Black,https://www.very.co.uk/barbour-evie-chelsea-boot-black/1600892065.prd
,6,very,Barbour Farseley Chelsea Boots,Tan,https://www.very.co.uk/barbour-farseley-chelsea-boots-tan/1600420658.prd
,7,very,Barbour Farseley Chelsea Boots,Tan,https://www.very.co.uk/barbour-farseley-chelsea-boots-tan/1600420658.prd
,8,very,Barbour Farseley Chelsea Boots,Tan,https://www.very.co.uk/barbour-farseley-chelsea-boots-tan/1600420658.prd
,9,very,Barbour Farseley Chelsea Boots,Tan,https://www.very.co.uk/barbour-farseley-chelsea-boots-tan/1600420658.prd
,10,very,Barbour Farseley Chelsea Boots,Tan,https://www.very.co.uk/barbour-farseley-chelsea-boots-tan/1600420658.prd
,11,very,Barbour Farseley Chelsea Boots,Tan,https://www.very.co.uk/barbour-farseley-chelsea-boots-tan/1600420658.prd
,12,very,Barbour Farseley Chelsea Boots,Tan,https://www.very.co.uk/barbour-farseley-chelsea-boots-tan/1600420658.prd
,6,very,Barbour Farsley Chelsea Boot,Black,https://www.very.co.uk/barbour-farsley-chelsea-boot-black/1600277533.prd
,7,very,Barbour Farsley Chelsea Boot,Black,https://www.very.co.uk/barbour-farsley-chelsea-boot-black/1600277533.prd
,8,very,Barbour Farsley Chelsea Boot,Black,https://www.very.co.uk/barbour-farsley-chelsea-boot-black/1600277533.prd
,9,very,Barbour Farsley Chelsea Boot,Black,https://www.very.co.uk/barbour-farsley-chelsea-boot-black/1600277533.prd
,10,very,Barbour Farsley Chelsea Boot,Black,https://www.very.co.uk/barbour-farsley-chelsea-boot-black/1600277533.prd
,11,very,Barbour Farsley Chelsea Boot,Black,https://www.very.co.uk/barbour-farsley-chelsea-boot-black/1600277533.prd
,12,very,Barbour Farsley Chelsea Boot,Black,https://www.very.co.uk/barbour-farsley-chelsea-boot-black/1600277533.prd
,8,very,Barbour Faye Striped Sweatshirt,Beige,https://www.very.co.uk/barbour-faye-striped-sweatshirt-beige/1601183774.prd
,10,very,Barbour Faye Striped Sweatshirt,Beige,https://www.very.co.uk/barbour-faye-striped-sweatshirt-beige/1601183774.prd
,12,very,Barbour Faye Striped Sweatshirt,Beige,https://www.very.co.uk/barbour-faye-striped-sweatshirt-beige/1601183774.prd
,14,very,Barbour Faye Striped Sweatshirt,Beige,https://www.very.co.uk/barbour-faye-striped-sweatshirt-beige/1601183774.prd
,16,very,Barbour Faye Striped Sweatshirt,Beige,https://www.very.co.uk/barbour-faye-striped-sweatshirt-beige/1601183774.prd
,18,very,Barbour Faye Striped Sweatshirt,Beige,https://www.very.co.uk/barbour-faye-striped-sweatshirt-beige/1601183774.prd
,8,very,Barbour Faye Top,Navy,https://www.very.co.uk/barbour-faye-top-navy/1601183779.prd
,10,very,Barbour Faye Top,Navy,https://www.very.co.uk/barbour-faye-top-navy/1601183779.prd
,12,very,Barbour Faye Top,Navy,https://www.very.co.uk/barbour-faye-top-navy/1601183779.prd
,14,very,Barbour Faye Top,Navy,https://www.very.co.uk/barbour-faye-top-navy/1601183779.prd
,16,very,Barbour Faye Top,Navy,https://www.very.co.uk/barbour-faye-top-navy/1601183779.prd
,18,very,Barbour Faye Top,Navy,https://www.very.co.uk/barbour-faye-top-navy/1601183779.prd
,8,very,Barbour Faye Top,Beige,https://www.very.co.uk/barbour-faye-top-beige/1601183829.prd
,10,very,Barbour Faye Top,Beige,https://www.very.co.uk/barbour-faye-top-beige/1601183829.prd
,12,very,Barbour Faye Top,Beige,https://www.very.co.uk/barbour-faye-top-beige/1601183829.prd
,14,very,Barbour Faye Top,Beige,https://www.very.co.uk/barbour-faye-top-beige/1601183829.prd
,16,very,Barbour Faye Top,Beige,https://www.very.co.uk/barbour-faye-top-beige/1601183829.prd
,18,very,Barbour Faye Top,Beige,https://www.very.co.uk/barbour-faye-top-beige/1601183829.prd
,6,very,Barbour Hadston Two Tone Chukka Boots,Brown,https://www.very.co.uk/barbour-hadston-two-tone-chukka-boots-brown/1601180570.prd
,7,very,Barbour Hadston Two Tone Chukka Boots,Brown,https://www.very.co.uk/barbour-hadston-two-tone-chukka-boots-brown/1601180570.prd
,8,very,Barbour Hadston Two Tone Chukka Boots,Brown,https://www.very.co.uk/barbour-hadston-two-tone-chukka-boots-brown/1601180570.prd
,9,very,Barbour Hadston Two Tone Chukka Boots,Brown,https://www.very.co.uk/barbour-hadston-two-tone-chukka-boots-brown/1601180570.prd
,10,very,Barbour Hadston Two Tone Chukka Boots,Brown,https://www.very.co.uk/barbour-hadston-two-tone-chukka-boots-brown/1601180570.prd
,11,very,Barbour Hadston Two Tone Chukka Boots,Brown,https://www.very.co.uk/barbour-hadston-two-tone-chukka-boots-brown/1601180570.prd
,12,very,Barbour Hadston Two Tone Chukka Boots,Brown,https://www.very.co.uk/barbour-hadston-two-tone-chukka-boots-brown/1601180570.prd
,6,very,Barbour Hale Waxed Leather Chelsea Boots,Black,https://www.very.co.uk/barbour-hale-waxed-leather-chelsea-boots-black/1601180576.prd
,7,very,Barbour Hale Waxed Leather Chelsea Boots,Black,https://www.very.co.uk/barbour-hale-waxed-leather-chelsea-boots-black/1601180576.prd
,8,very,Barbour Hale Waxed Leather Chelsea Boots,Black,https://www.very.co.uk/barbour-hale-waxed-leather-chelsea-boots-black/1601180576.prd
,9,very,Barbour Hale Waxed Leather Chelsea Boots,Black,https://www.very.co.uk/barbour-hale-waxed-leather-chelsea-boots-black/1601180576.prd
,10,very,Barbour Hale Waxed Leather Chelsea Boots,Black,https://www.very.co.uk/barbour-hale-waxed-leather-chelsea-boots-black/1601180576.prd
,11,very,Barbour Hale Waxed Leather Chelsea Boots,Black,https://www.very.co.uk/barbour-hale-waxed-leather-chelsea-boots-black/1601180576.prd
,12,very,Barbour Hale Waxed Leather Chelsea Boots,Black,https://www.very.co.uk/barbour-hale-waxed-leather-chelsea-boots-black/1601180576.prd
,6,very,Barbour Hale Waxed Leather Chelsea Boots,Brown,https://www.very.co.uk/barbour-hale-waxed-leather-chelsea-boots-brown/1601180577.prd
,7,very,Barbour Hale Waxed Leather Chelsea Boots,Brown,https://www.very.co.uk/barbour-hale-waxed-leather-chelsea-boots-brown/1601180577.prd
,8,very,Barbour Hale Waxed Leather Chelsea Boots,Brown,https://www.very.co.uk/barbour-hale-waxed-leather-chelsea-boots-brown/1601180577.prd
,9,very,Barbour Hale Waxed Leather Chelsea Boots,Brown,https://www.very.co.uk/barbour-hale-waxed-leather-chelsea-boots-brown/1601180577.prd
,10,very,Barbour Hale Waxed Leather Chelsea Boots,Brown,https://www.very.co.uk/barbour-hale-waxed-leather-chelsea-boots-brown/1601180577.prd
,11,very,Barbour Hale Waxed Leather Chelsea Boots,Brown,https://www.very.co.uk/barbour-hale-waxed-leather-chelsea-boots-brown/1601180577.prd
,12,very,Barbour Hale Waxed Leather Chelsea Boots,Brown,https://www.very.co.uk/barbour-hale-waxed-leather-chelsea-boots-brown/1601180577.prd
,3,very,Barbour Halton Chelsea Welly,Brown,https://www.very.co.uk/barbour-halton-chelsea-welly-brown/1601183708.prd
,4,very,Barbour Halton Chelsea Welly,Brown,https://www.very.co.uk/barbour-halton-chelsea-welly-brown/1601183708.prd
,5,very,Barbour Halton Chelsea Welly,Brown,https://www.very.co.uk/barbour-halton-chelsea-welly-brown/1601183708.prd
,6,very,Barbour Halton Chelsea Welly,Brown,https://www.very.co.uk/barbour-halton-chelsea-welly-brown/1601183708.prd
,7,very,Barbour Halton Chelsea Welly,Brown,https://www.very.co.uk/barbour-halton-chelsea-welly-brown/1601183708.prd
,8,very,Barbour Halton Chelsea Welly,Brown,https://www.very.co.uk/barbour-halton-chelsea-welly-brown/1601183708.prd
,3,very,Barbour Halton Chelsea Welly,Black,https://www.very.co.uk/barbour-halton-chelsea-welly-black/1601011382.prd
,4,very,Barbour Halton Chelsea Welly,Black,https://www.very.co.uk/barbour-halton-chelsea-welly-black/1601011382.prd
,5,very,Barbour Halton Chelsea Welly,Black,https://www.very.co.uk/barbour-halton-chelsea-welly-black/1601011382.prd
,6,very,Barbour Halton Chelsea Welly,Black,https://www.very.co.uk/barbour-halton-chelsea-welly-black/1601011382.prd
,7,very,Barbour Halton Chelsea Welly,Black,https://www.very.co.uk/barbour-halton-chelsea-welly-black/1601011382.prd
,8,very,Barbour Halton Chelsea Welly,Black,https://www.very.co.uk/barbour-halton-chelsea-welly-black/1601011382.prd
,9,very,Barbour Halton Chelsea Welly,Black,https://www.very.co.uk/barbour-halton-chelsea-welly-black/1601011382.prd
,3,very,Barbour Harewood Sandal,Black,https://www.very.co.uk/barbour-harewood-sandal-black/1601100343.prd
,4,very,Barbour Harewood Sandal,Black,https://www.very.co.uk/barbour-harewood-sandal-black/1601100343.prd
,5,very,Barbour Harewood Sandal,Black,https://www.very.co.uk/barbour-harewood-sandal-black/1601100343.prd
,6,very,Barbour Harewood Sandal,Black,https://www.very.co.uk/barbour-harewood-sandal-black/1601100343.prd
,7,very,Barbour Harewood Sandal,Black,https://www.very.co.uk/barbour-harewood-sandal-black/1601100343.prd
,8,very,Barbour Harewood Sandal,Black,https://www.very.co.uk/barbour-harewood-sandal-black/1601100343.prd
,8,very,Barbour Harper Sweatshirt,White,https://www.very.co.uk/barbour-harper-sweatshirt-white/1601183810.prd
,10,very,Barbour Harper Sweatshirt,White,https://www.very.co.uk/barbour-harper-sweatshirt-white/1601183810.prd
,12,very,Barbour Harper Sweatshirt,White,https://www.very.co.uk/barbour-harper-sweatshirt-white/1601183810.prd
,14,very,Barbour Harper Sweatshirt,White,https://www.very.co.uk/barbour-harper-sweatshirt-white/1601183810.prd
,16,very,Barbour Harper Sweatshirt,White,https://www.very.co.uk/barbour-harper-sweatshirt-white/1601183810.prd
,18,very,Barbour Harper Sweatshirt,White,https://www.very.co.uk/barbour-harper-sweatshirt-white/1601183810.prd
,XXL,very,Barbour International - Exclusive - Overhead Hoodie,Light Grey,https://www.very.co.uk/barbour-international-exclusive-overhead-hoodie-light-grey/1601174456.prd
,XXXL,very,Barbour International - Exclusive - Overhead Hoodie,Light Grey,https://www.very.co.uk/barbour-international-exclusive-overhead-hoodie-light-grey/1601174456.prd
,L,very,Barbour International - Exclusive - Overhead Hoodie,Light Grey,https://www.very.co.uk/barbour-international-exclusive-overhead-hoodie-light-grey/1601174456.prd
,M,very,Barbour International - Exclusive - Overhead Hoodie,Light Grey,https://www.very.co.uk/barbour-international-exclusive-overhead-hoodie-light-grey/1601174456.prd
,S,very,Barbour International - Exclusive - Overhead Hoodie,Light Grey,https://www.very.co.uk/barbour-international-exclusive-overhead-hoodie-light-grey/1601174456.prd
,XL,very,Barbour International - Exclusive - Overhead Hoodie,Light Grey,https://www.very.co.uk/barbour-international-exclusive-overhead-hoodie-light-grey/1601174456.prd
,8,very,Barbour International Aria Faux Leather Wide Leg Trouser,Black,https://www.very.co.uk/barbour-international-aria-faux-leather-wide-leg-trouser-black/1601011827.prd
,10,very,Barbour International Aria Faux Leather Wide Leg Trouser,Black,https://www.very.co.uk/barbour-international-aria-faux-leather-wide-leg-trouser-black/1601011827.prd
,12,very,Barbour International Aria Faux Leather Wide Leg Trouser,Black,https://www.very.co.uk/barbour-international-aria-faux-leather-wide-leg-trouser-black/1601011827.prd
,14,very,Barbour International Aria Faux Leather Wide Leg Trouser,Black,https://www.very.co.uk/barbour-international-aria-faux-leather-wide-leg-trouser-black/1601011827.prd
,16,very,Barbour International Aria Faux Leather Wide Leg Trouser,Black,https://www.very.co.uk/barbour-international-aria-faux-leather-wide-leg-trouser-black/1601011827.prd
,18,very,Barbour International Aria Faux Leather Wide Leg Trouser,Black,https://www.very.co.uk/barbour-international-aria-faux-leather-wide-leg-trouser-black/1601011827.prd
,XXL,very,Barbour International Authentics Morgan Crew Sweat Top,Dark Red,https://www.very.co.uk/barbour-international-authentics-morgan-crew-sweat-top-dark-red/1601174471.prd
,XXXL,very,Barbour International Authentics Morgan Crew Sweat Top,Dark Red,https://www.very.co.uk/barbour-international-authentics-morgan-crew-sweat-top-dark-red/1601174471.prd
,L,very,Barbour International Authentics Morgan Crew Sweat Top,Dark Red,https://www.very.co.uk/barbour-international-authentics-morgan-crew-sweat-top-dark-red/1601174471.prd
,M,very,Barbour International Authentics Morgan Crew Sweat Top,Dark Red,https://www.very.co.uk/barbour-international-authentics-morgan-crew-sweat-top-dark-red/1601174471.prd
,S,very,Barbour International Authentics Morgan Crew Sweat Top,Dark Red,https://www.very.co.uk/barbour-international-authentics-morgan-crew-sweat-top-dark-red/1601174471.prd
,XL,very,Barbour International Authentics Morgan Crew Sweat Top,Dark Red,https://www.very.co.uk/barbour-international-authentics-morgan-crew-sweat-top-dark-red/1601174471.prd
,8,very,Barbour International B.intl Dakota Trousers,Beige,https://www.very.co.uk/barbour-international-bintl-dakota-trousers-beige/1601100946.prd
,10,very,Barbour International B.intl Dakota Trousers,Beige,https://www.very.co.uk/barbour-international-bintl-dakota-trousers-beige/1601100946.prd
,12,very,Barbour International B.intl Dakota Trousers,Beige,https://www.very.co.uk/barbour-international-bintl-dakota-trousers-beige/1601100946.prd
,14,very,Barbour International B.intl Dakota Trousers,Beige,https://www.very.co.uk/barbour-international-bintl-dakota-trousers-beige/1601100946.prd
,16,very,Barbour International B.intl Dakota Trousers,Beige,https://www.very.co.uk/barbour-international-bintl-dakota-trousers-beige/1601100946.prd
,18,very,Barbour International B.intl Dakota Trousers,Beige,https://www.very.co.uk/barbour-international-bintl-dakota-trousers-beige/1601100946.prd
,8,very,Barbour International B.intl Diablo Quilted Sweat,Black,https://www.very.co.uk/barbour-international-bintl-diablo-quilted-sweat-black/1601183831.prd
,10,very,Barbour International B.intl Diablo Quilted Sweat,Black,https://www.very.co.uk/barbour-international-bintl-diablo-quilted-sweat-black/1601183831.prd
,12,very,Barbour International B.intl Diablo Quilted Sweat,Black,https://www.very.co.uk/barbour-international-bintl-diablo-quilted-sweat-black/1601183831.prd
,14,very,Barbour International B.intl Diablo Quilted Sweat,Black,https://www.very.co.uk/barbour-international-bintl-diablo-quilted-sweat-black/1601183831.prd
,16,very,Barbour International B.intl Diablo Quilted Sweat,Black,https://www.very.co.uk/barbour-international-bintl-diablo-quilted-sweat-black/1601183831.prd
,18,very,Barbour International B.intl Diablo Quilted Sweat,Black,https://www.very.co.uk/barbour-international-bintl-diablo-quilted-sweat-black/1601183831.prd
,8,very,Barbour International B.intl Priya Hoodie,White,https://www.very.co.uk/barbour-international-bintl-priya-hoodie-white/1601101034.prd
,10,very,Barbour International B.intl Priya Hoodie,White,https://www.very.co.uk/barbour-international-bintl-priya-hoodie-white/1601101034.prd
,12,very,Barbour International B.intl Priya Hoodie,White,https://www.very.co.uk/barbour-international-bintl-priya-hoodie-white/1601101034.prd
,14,very,Barbour International B.intl Priya Hoodie,White,https://www.very.co.uk/barbour-international-bintl-priya-hoodie-white/1601101034.prd
,16,very,Barbour International B.intl Priya Hoodie,White,https://www.very.co.uk/barbour-international-bintl-priya-hoodie-white/1601101034.prd
,18,very,Barbour International B.intl Priya Hoodie,White,https://www.very.co.uk/barbour-international-bintl-priya-hoodie-white/1601101034.prd
,8,very,Barbour International Dakota Knitted Midi Dress,Cream,https://www.very.co.uk/barbour-international-dakota-knitted-midi-dress-cream/1601100977.prd
,10,very,Barbour International Dakota Knitted Midi Dress,Cream,https://www.very.co.uk/barbour-international-dakota-knitted-midi-dress-cream/1601100977.prd
,12,very,Barbour International Dakota Knitted Midi Dress,Cream,https://www.very.co.uk/barbour-international-dakota-knitted-midi-dress-cream/1601100977.prd
,14,very,Barbour International Dakota Knitted Midi Dress,Cream,https://www.very.co.uk/barbour-international-dakota-knitted-midi-dress-cream/1601100977.prd
,16,very,Barbour International Dakota Knitted Midi Dress,Cream,https://www.very.co.uk/barbour-international-dakota-knitted-midi-dress-cream/1601100977.prd
,18,very,Barbour International Dakota Knitted Midi Dress,Cream,https://www.very.co.uk/barbour-international-dakota-knitted-midi-dress-cream/1601100977.prd
,8,very,Barbour International Della Midi Dress,Black,https://www.very.co.uk/barbour-international-della-midi-dress-black/1601061008.prd
,10,very,Barbour International Della Midi Dress,Black,https://www.very.co.uk/barbour-international-della-midi-dress-black/1601061008.prd
,12,very,Barbour International Della Midi Dress,Black,https://www.very.co.uk/barbour-international-della-midi-dress-black/1601061008.prd
,14,very,Barbour International Della Midi Dress,Black,https://www.very.co.uk/barbour-international-della-midi-dress-black/1601061008.prd
,16,very,Barbour International Della Midi Dress,Black,https://www.very.co.uk/barbour-international-della-midi-dress-black/1601061008.prd
,18,very,Barbour International Della Midi Dress,Black,https://www.very.co.uk/barbour-international-della-midi-dress-black/1601061008.prd
,8,very,Barbour International Diablo Quilted Sweat,Off White,https://www.very.co.uk/barbour-international-diablo-quilted-sweat-off-white/1601183811.prd
,10,very,Barbour International Diablo Quilted Sweat,Off White,https://www.very.co.uk/barbour-international-diablo-quilted-sweat-off-white/1601183811.prd
,12,very,Barbour International Diablo Quilted Sweat,Off White,https://www.very.co.uk/barbour-international-diablo-quilted-sweat-off-white/1601183811.prd
,14,very,Barbour International Diablo Quilted Sweat,Off White,https://www.very.co.uk/barbour-international-diablo-quilted-sweat-off-white/1601183811.prd
,16,very,Barbour International Diablo Quilted Sweat,Off White,https://www.very.co.uk/barbour-international-diablo-quilted-sweat-off-white/1601183811.prd
,18,very,Barbour International Diablo Quilted Sweat,Off White,https://www.very.co.uk/barbour-international-diablo-quilted-sweat-off-white/1601183811.prd
,8,very,Barbour International Ebony Quilted Sweat,Beige,https://www.very.co.uk/barbour-international-ebony-quilted-sweat-beige/1601144519.prd
,10,very,Barbour International Ebony Quilted Sweat,Beige,https://www.very.co.uk/barbour-international-ebony-quilted-sweat-beige/1601144519.prd
,12,very,Barbour International Ebony Quilted Sweat,Beige,https://www.very.co.uk/barbour-international-ebony-quilted-sweat-beige/1601144519.prd
,14,very,Barbour International Ebony Quilted Sweat,Beige,https://www.very.co.uk/barbour-international-ebony-quilted-sweat-beige/1601144519.prd
,16,very,Barbour International Ebony Quilted Sweat,Beige,https://www.very.co.uk/barbour-international-ebony-quilted-sweat-beige/1601144519.prd
,18,very,Barbour International Ebony Quilted Sweat,Beige,https://www.very.co.uk/barbour-international-ebony-quilted-sweat-beige/1601144519.prd
,XXL,very,Barbour International Ewan Hoodie,Navy,https://www.very.co.uk/barbour-international-ewan-hoodie-navy/1601174488.prd
,XXXL,very,Barbour International Ewan Hoodie,Navy,https://www.very.co.uk/barbour-international-ewan-hoodie-navy/1601174488.prd
,L,very,Barbour International Ewan Hoodie,Navy,https://www.very.co.uk/barbour-international-ewan-hoodie-navy/1601174488.prd
,M,very,Barbour International Ewan Hoodie,Navy,https://www.very.co.uk/barbour-international-ewan-hoodie-navy/1601174488.prd
,S,very,Barbour International Ewan Hoodie,Navy,https://www.very.co.uk/barbour-international-ewan-hoodie-navy/1601174488.prd
,XL,very,Barbour International Ewan Hoodie,Navy,https://www.very.co.uk/barbour-international-ewan-hoodie-navy/1601174488.prd
,XXL,very,Barbour International Exclusive - Overhead Hoodie Tracksuit,Black,https://www.very.co.uk/barbour-international-exclusive-overhead-hoodie-tracksuit-black/1601023471.prd
,XXXL,very,Barbour International Exclusive - Overhead Hoodie Tracksuit,Black,https://www.very.co.uk/barbour-international-exclusive-overhead-hoodie-tracksuit-black/1601023471.prd
,L,very,Barbour International Exclusive - Overhead Hoodie Tracksuit,Black,https://www.very.co.uk/barbour-international-exclusive-overhead-hoodie-tracksuit-black/1601023471.prd
,M,very,Barbour International Exclusive - Overhead Hoodie Tracksuit,Black,https://www.very.co.uk/barbour-international-exclusive-overhead-hoodie-tracksuit-black/1601023471.prd
,S,very,Barbour International Exclusive - Overhead Hoodie Tracksuit,Black,https://www.very.co.uk/barbour-international-exclusive-overhead-hoodie-tracksuit-black/1601023471.prd
,XL,very,Barbour International Exclusive - Overhead Hoodie Tracksuit,Black,https://www.very.co.uk/barbour-international-exclusive-overhead-hoodie-tracksuit-black/1601023471.prd
,XXL,very,Barbour International Exclusive - Overhead Hoodie Tracksuit,Grey,https://www.very.co.uk/barbour-international-exclusive-overhead-hoodie-tracksuit-grey/1601023470.prd
,XXXL,very,Barbour International Exclusive - Overhead Hoodie Tracksuit,Grey,https://www.very.co.uk/barbour-international-exclusive-overhead-hoodie-tracksuit-grey/1601023470.prd
,L,very,Barbour International Exclusive - Overhead Hoodie Tracksuit,Grey,https://www.very.co.uk/barbour-international-exclusive-overhead-hoodie-tracksuit-grey/1601023470.prd
,M,very,Barbour International Exclusive - Overhead Hoodie Tracksuit,Grey,https://www.very.co.uk/barbour-international-exclusive-overhead-hoodie-tracksuit-grey/1601023470.prd
,S,very,Barbour International Exclusive - Overhead Hoodie Tracksuit,Grey,https://www.very.co.uk/barbour-international-exclusive-overhead-hoodie-tracksuit-grey/1601023470.prd
,XL,very,Barbour International Exclusive - Overhead Hoodie Tracksuit,Grey,https://www.very.co.uk/barbour-international-exclusive-overhead-hoodie-tracksuit-grey/1601023470.prd
,XXL,very,Barbour International Exclusive - Zip Hoodie,Black,https://www.very.co.uk/barbour-international-exclusive-zip-hoodie-black/1601023474.prd
,XXXL,very,Barbour International Exclusive - Zip Hoodie,Black,https://www.very.co.uk/barbour-international-exclusive-zip-hoodie-black/1601023474.prd
,L,very,Barbour International Exclusive - Zip Hoodie,Black,https://www.very.co.uk/barbour-international-exclusive-zip-hoodie-black/1601023474.prd
,M,very,Barbour International Exclusive - Zip Hoodie,Black,https://www.very.co.uk/barbour-international-exclusive-zip-hoodie-black/1601023474.prd
,S,very,Barbour International Exclusive - Zip Hoodie,Black,https://www.very.co.uk/barbour-international-exclusive-zip-hoodie-black/1601023474.prd
,XL,very,Barbour International Exclusive - Zip Hoodie,Black,https://www.very.co.uk/barbour-international-exclusive-zip-hoodie-black/1601023474.prd
,XXL,very,Barbour International Exclusive - Zip Hoody,Light Grey,https://www.very.co.uk/barbour-international-exclusive-zip-hoody-light-grey/1601174545.prd
,XXXL,very,Barbour International Exclusive - Zip Hoody,Light Grey,https://www.very.co.uk/barbour-international-exclusive-zip-hoody-light-grey/1601174545.prd
,L,very,Barbour International Exclusive - Zip Hoody,Light Grey,https://www.very.co.uk/barbour-international-exclusive-zip-hoody-light-grey/1601174545.prd
,M,very,Barbour International Exclusive - Zip Hoody,Light Grey,https://www.very.co.uk/barbour-international-exclusive-zip-hoody-light-grey/1601174545.prd
,S,very,Barbour International Exclusive - Zip Hoody,Light Grey,https://www.very.co.uk/barbour-international-exclusive-zip-hoody-light-grey/1601174545.prd
,XL,very,Barbour International Exclusive - Zip Hoody,Light Grey,https://www.very.co.uk/barbour-international-exclusive-zip-hoody-light-grey/1601174545.prd
,XXL,very,Barbour International Exclusive - Zip Tracksuit,Navy,https://www.very.co.uk/barbour-international-exclusive-zip-tracksuit-navy/1601033135.prd
,XXXL,very,Barbour International Exclusive - Zip Tracksuit,Navy,https://www.very.co.uk/barbour-international-exclusive-zip-tracksuit-navy/1601033135.prd
,L,very,Barbour International Exclusive - Zip Tracksuit,Navy,https://www.very.co.uk/barbour-international-exclusive-zip-tracksuit-navy/1601033135.prd
,M,very,Barbour International Exclusive - Zip Tracksuit,Navy,https://www.very.co.uk/barbour-international-exclusive-zip-tracksuit-navy/1601033135.prd
,S,very,Barbour International Exclusive - Zip Tracksuit,Navy,https://www.very.co.uk/barbour-international-exclusive-zip-tracksuit-navy/1601033135.prd
,XL,very,Barbour International Exclusive - Zip Tracksuit,Navy,https://www.very.co.uk/barbour-international-exclusive-zip-tracksuit-navy/1601033135.prd
,XXL,very,Barbour International Exclusive Overhead Hoodie,Black,https://www.very.co.uk/barbour-international-exclusive-overhead-hoodie-black/1601174490.prd
,XXXL,very,Barbour International Exclusive Overhead Hoodie,Black,https://www.very.co.uk/barbour-international-exclusive-overhead-hoodie-black/1601174490.prd
,L,very,Barbour International Exclusive Overhead Hoodie,Black,https://www.very.co.uk/barbour-international-exclusive-overhead-hoodie-black/1601174490.prd
,M,very,Barbour International Exclusive Overhead Hoodie,Black,https://www.very.co.uk/barbour-international-exclusive-overhead-hoodie-black/1601174490.prd
,S,very,Barbour International Exclusive Overhead Hoodie,Black,https://www.very.co.uk/barbour-international-exclusive-overhead-hoodie-black/1601174490.prd
,XL,very,Barbour International Exclusive Overhead Hoodie,Black,https://www.very.co.uk/barbour-international-exclusive-overhead-hoodie-black/1601174490.prd
,8,very,Barbour International Felicity Top,Orange,https://www.very.co.uk/barbour-international-felicity-top-orange/1601144500.prd
,10,very,Barbour International Felicity Top,Orange,https://www.very.co.uk/barbour-international-felicity-top-orange/1601144500.prd
,12,very,Barbour International Felicity Top,Orange,https://www.very.co.uk/barbour-international-felicity-top-orange/1601144500.prd
,14,very,Barbour International Felicity Top,Orange,https://www.very.co.uk/barbour-international-felicity-top-orange/1601144500.prd
,16,very,Barbour International Felicity Top,Orange,https://www.very.co.uk/barbour-international-felicity-top-orange/1601144500.prd
,18,very,Barbour International Felicity Top,Orange,https://www.very.co.uk/barbour-international-felicity-top-orange/1601144500.prd
,XXL,very,Barbour International Grip Crew Sweatshirt,Navy,https://www.very.co.uk/barbour-international-grip-crew-sweatshirt-navy/1601174467.prd
,XXXL,very,Barbour International Grip Crew Sweatshirt,Navy,https://www.very.co.uk/barbour-international-grip-crew-sweatshirt-navy/1601174467.prd
,L,very,Barbour International Grip Crew Sweatshirt,Navy,https://www.very.co.uk/barbour-international-grip-crew-sweatshirt-navy/1601174467.prd
,M,very,Barbour International Grip Crew Sweatshirt,Navy,https://www.very.co.uk/barbour-international-grip-crew-sweatshirt-navy/1601174467.prd
,S,very,Barbour International Grip Crew Sweatshirt,Navy,https://www.very.co.uk/barbour-international-grip-crew-sweatshirt-navy/1601174467.prd
,XL,very,Barbour International Grip Crew Sweatshirt,Navy,https://www.very.co.uk/barbour-international-grip-crew-sweatshirt-navy/1601174467.prd
,XXL,very,Barbour International Grip Crew Sweatshirt,Blue,https://www.very.co.uk/barbour-international-grip-crew-sweatshirt-blue/1601174510.prd
,XXXL,very,Barbour International Grip Crew Sweatshirt,Blue,https://www.very.co.uk/barbour-international-grip-crew-sweatshirt-blue/1601174510.prd
,L,very,Barbour International Grip Crew Sweatshirt,Blue,https://www.very.co.uk/barbour-international-grip-crew-sweatshirt-blue/1601174510.prd
,M,very,Barbour International Grip Crew Sweatshirt,Blue,https://www.very.co.uk/barbour-international-grip-crew-sweatshirt-blue/1601174510.prd
,S,very,Barbour International Grip Crew Sweatshirt,Blue,https://www.very.co.uk/barbour-international-grip-crew-sweatshirt-blue/1601174510.prd
,XL,very,Barbour International Grip Crew Sweatshirt,Blue,https://www.very.co.uk/barbour-international-grip-crew-sweatshirt-blue/1601174510.prd
,8,very,Barbour International Imogen Sweatshirt,Pink,https://www.very.co.uk/barbour-international-imogen-sweatshirt-pink/1601183748.prd
,10,very,Barbour International Imogen Sweatshirt,Pink,https://www.very.co.uk/barbour-international-imogen-sweatshirt-pink/1601183748.prd
,12,very,Barbour International Imogen Sweatshirt,Pink,https://www.very.co.uk/barbour-international-imogen-sweatshirt-pink/1601183748.prd
,14,very,Barbour International Imogen Sweatshirt,Pink,https://www.very.co.uk/barbour-international-imogen-sweatshirt-pink/1601183748.prd
,16,very,Barbour International Imogen Sweatshirt,Pink,https://www.very.co.uk/barbour-international-imogen-sweatshirt-pink/1601183748.prd
,18,very,Barbour International Imogen Sweatshirt,Pink,https://www.very.co.uk/barbour-international-imogen-sweatshirt-pink/1601183748.prd
,8,very,Barbour International Juliana Sweatshirt,Beige,https://www.very.co.uk/barbour-international-juliana-sweatshirt-beige/1601183764.prd
,10,very,Barbour International Juliana Sweatshirt,Beige,https://www.very.co.uk/barbour-international-juliana-sweatshirt-beige/1601183764.prd
,12,very,Barbour International Juliana Sweatshirt,Beige,https://www.very.co.uk/barbour-international-juliana-sweatshirt-beige/1601183764.prd
,14,very,Barbour International Juliana Sweatshirt,Beige,https://www.very.co.uk/barbour-international-juliana-sweatshirt-beige/1601183764.prd
,16,very,Barbour International Juliana Sweatshirt,Beige,https://www.very.co.uk/barbour-international-juliana-sweatshirt-beige/1601183764.prd
,18,very,Barbour International Juliana Sweatshirt,Beige,https://www.very.co.uk/barbour-international-juliana-sweatshirt-beige/1601183764.prd
,XXL,very,Barbour International Lever Graphic Hoodie,Dark Green,https://www.very.co.uk/barbour-international-lever-graphic-hoodie-dark-green/1601174469.prd
,XXXL,very,Barbour International Lever Graphic Hoodie,Dark Green,https://www.very.co.uk/barbour-international-lever-graphic-hoodie-dark-green/1601174469.prd
,L,very,Barbour International Lever Graphic Hoodie,Dark Green,https://www.very.co.uk/barbour-international-lever-graphic-hoodie-dark-green/1601174469.prd
,M,very,Barbour International Lever Graphic Hoodie,Dark Green,https://www.very.co.uk/barbour-international-lever-graphic-hoodie-dark-green/1601174469.prd
,S,very,Barbour International Lever Graphic Hoodie,Dark Green,https://www.very.co.uk/barbour-international-lever-graphic-hoodie-dark-green/1601174469.prd
,XL,very,Barbour International Lever Graphic Hoodie,Dark Green,https://www.very.co.uk/barbour-international-lever-graphic-hoodie-dark-green/1601174469.prd
,8,very,Barbour International Natalia Maxi Dress,Orange,https://www.very.co.uk/barbour-international-natalia-maxi-dress-orange/1601144528.prd
,10,very,Barbour International Natalia Maxi Dress,Orange,https://www.very.co.uk/barbour-international-natalia-maxi-dress-orange/1601144528.prd
,12,very,Barbour International Natalia Maxi Dress,Orange,https://www.very.co.uk/barbour-international-natalia-maxi-dress-orange/1601144528.prd
,14,very,Barbour International Natalia Maxi Dress,Orange,https://www.very.co.uk/barbour-international-natalia-maxi-dress-orange/1601144528.prd
,16,very,Barbour International Natalia Maxi Dress,Orange,https://www.very.co.uk/barbour-international-natalia-maxi-dress-orange/1601144528.prd
,18,very,Barbour International Natalia Maxi Dress,Orange,https://www.very.co.uk/barbour-international-natalia-maxi-dress-orange/1601144528.prd
,8,very,Barbour International Natalia Quilted Sweat,Green,https://www.very.co.uk/barbour-international-natalia-quilted-sweat-green/1601144537.prd
,10,very,Barbour International Natalia Quilted Sweat,Green,https://www.very.co.uk/barbour-international-natalia-quilted-sweat-green/1601144537.prd
,12,very,Barbour International Natalia Quilted Sweat,Green,https://www.very.co.uk/barbour-international-natalia-quilted-sweat-green/1601144537.prd
,14,very,Barbour International Natalia Quilted Sweat,Green,https://www.very.co.uk/barbour-international-natalia-quilted-sweat-green/1601144537.prd
,16,very,Barbour International Natalia Quilted Sweat,Green,https://www.very.co.uk/barbour-international-natalia-quilted-sweat-green/1601144537.prd
,18,very,Barbour International Natalia Quilted Sweat,Green,https://www.very.co.uk/barbour-international-natalia-quilted-sweat-green/1601144537.prd
,XXL,very,Barbour International Outline 1/4 Zip Sweatshirt,Dark Green,https://www.very.co.uk/barbour-international-outline-14-zip-sweatshirt-dark-green/1601174496.prd
,XXXL,very,Barbour International Outline 1/4 Zip Sweatshirt,Dark Green,https://www.very.co.uk/barbour-international-outline-14-zip-sweatshirt-dark-green/1601174496.prd
,L,very,Barbour International Outline 1/4 Zip Sweatshirt,Dark Green,https://www.very.co.uk/barbour-international-outline-14-zip-sweatshirt-dark-green/1601174496.prd
,M,very,Barbour International Outline 1/4 Zip Sweatshirt,Dark Green,https://www.very.co.uk/barbour-international-outline-14-zip-sweatshirt-dark-green/1601174496.prd
,S,very,Barbour International Outline 1/4 Zip Sweatshirt,Dark Green,https://www.very.co.uk/barbour-international-outline-14-zip-sweatshirt-dark-green/1601174496.prd
,XL,very,Barbour International Outline 1/4 Zip Sweatshirt,Dark Green,https://www.very.co.uk/barbour-international-outline-14-zip-sweatshirt-dark-green/1601174496.prd
,8,very,Barbour International Palma Maxi Dress,Green,https://www.very.co.uk/barbour-international-palma-maxi-dress-green/1601144515.prd
,10,very,Barbour International Palma Maxi Dress,Green,https://www.very.co.uk/barbour-international-palma-maxi-dress-green/1601144515.prd
,12,very,Barbour International Palma Maxi Dress,Green,https://www.very.co.uk/barbour-international-palma-maxi-dress-green/1601144515.prd
,14,very,Barbour International Palma Maxi Dress,Green,https://www.very.co.uk/barbour-international-palma-maxi-dress-green/1601144515.prd
,16,very,Barbour International Palma Maxi Dress,Green,https://www.very.co.uk/barbour-international-palma-maxi-dress-green/1601144515.prd
,18,very,Barbour International Palma Maxi Dress,Green,https://www.very.co.uk/barbour-international-palma-maxi-dress-green/1601144515.prd
,8,very,Barbour International Priya Shorts,Beige,https://www.very.co.uk/barbour-international-priya-shorts-beige/1601101012.prd
,10,very,Barbour International Priya Shorts,Beige,https://www.very.co.uk/barbour-international-priya-shorts-beige/1601101012.prd
,12,very,Barbour International Priya Shorts,Beige,https://www.very.co.uk/barbour-international-priya-shorts-beige/1601101012.prd
,14,very,Barbour International Priya Shorts,Beige,https://www.very.co.uk/barbour-international-priya-shorts-beige/1601101012.prd
,16,very,Barbour International Priya Shorts,Beige,https://www.very.co.uk/barbour-international-priya-shorts-beige/1601101012.prd
,18,very,Barbour International Priya Shorts,Beige,https://www.very.co.uk/barbour-international-priya-shorts-beige/1601101012.prd
,8,very,Barbour International Riley Trousers,Beige,https://www.very.co.uk/barbour-international-riley-trousers-beige/1601100993.prd
,10,very,Barbour International Riley Trousers,Beige,https://www.very.co.uk/barbour-international-riley-trousers-beige/1601100993.prd
,12,very,Barbour International Riley Trousers,Beige,https://www.very.co.uk/barbour-international-riley-trousers-beige/1601100993.prd
,14,very,Barbour International Riley Trousers,Beige,https://www.very.co.uk/barbour-international-riley-trousers-beige/1601100993.prd
,16,very,Barbour International Riley Trousers,Beige,https://www.very.co.uk/barbour-international-riley-trousers-beige/1601100993.prd
,18,very,Barbour International Riley Trousers,Beige,https://www.very.co.uk/barbour-international-riley-trousers-beige/1601100993.prd
,8,very,Barbour International Sierra Jumpsuit,Khaki,https://www.very.co.uk/barbour-international-sierra-jumpsuit-khaki/1601100941.prd
,10,very,Barbour International Sierra Jumpsuit,Khaki,https://www.very.co.uk/barbour-international-sierra-jumpsuit-khaki/1601100941.prd
,12,very,Barbour International Sierra Jumpsuit,Khaki,https://www.very.co.uk/barbour-international-sierra-jumpsuit-khaki/1601100941.prd
,14,very,Barbour International Sierra Jumpsuit,Khaki,https://www.very.co.uk/barbour-international-sierra-jumpsuit-khaki/1601100941.prd
,16,very,Barbour International Sierra Jumpsuit,Khaki,https://www.very.co.uk/barbour-international-sierra-jumpsuit-khaki/1601100941.prd
,18,very,Barbour International Sierra Jumpsuit,Khaki,https://www.very.co.uk/barbour-international-sierra-jumpsuit-khaki/1601100941.prd
,XXL,very,Barbour International Steve McQueen Crew Sweat Top,Grey,https://www.very.co.uk/barbour-international-steve-mcqueen-crew-sweat-top-grey/1601174524.prd
,XXXL,very,Barbour International Steve McQueen Crew Sweat Top,Grey,https://www.very.co.uk/barbour-international-steve-mcqueen-crew-sweat-top-grey/1601174524.prd
,L,very,Barbour International Steve McQueen Crew Sweat Top,Grey,https://www.very.co.uk/barbour-international-steve-mcqueen-crew-sweat-top-grey/1601174524.prd
,M,very,Barbour International Steve McQueen Crew Sweat Top,Grey,https://www.very.co.uk/barbour-international-steve-mcqueen-crew-sweat-top-grey/1601174524.prd
,S,very,Barbour International Steve McQueen Crew Sweat Top,Grey,https://www.very.co.uk/barbour-international-steve-mcqueen-crew-sweat-top-grey/1601174524.prd
,XL,very,Barbour International Steve McQueen Crew Sweat Top,Grey,https://www.very.co.uk/barbour-international-steve-mcqueen-crew-sweat-top-grey/1601174524.prd
,XXL,very,Barbour International Steve McQueen Letterman Knitted Bomber,Grey,https://www.very.co.uk/barbour-international-steve-mcqueen-letterman-knitted-bomber-grey/1601174507.prd
,L,very,Barbour International Steve McQueen Letterman Knitted Bomber,Grey,https://www.very.co.uk/barbour-international-steve-mcqueen-letterman-knitted-bomber-grey/1601174507.prd
,M,very,Barbour International Steve McQueen Letterman Knitted Bomber,Grey,https://www.very.co.uk/barbour-international-steve-mcqueen-letterman-knitted-bomber-grey/1601174507.prd
,S,very,Barbour International Steve McQueen Letterman Knitted Bomber,Grey,https://www.very.co.uk/barbour-international-steve-mcqueen-letterman-knitted-bomber-grey/1601174507.prd
,XL,very,Barbour International Steve McQueen Letterman Knitted Bomber,Grey,https://www.very.co.uk/barbour-international-steve-mcqueen-letterman-knitted-bomber-grey/1601174507.prd
,8,very,Barbour International Whitson Midi Dress,Pink,https://www.very.co.uk/barbour-international-whitson-midi-dress-pink/1601100994.prd
,10,very,Barbour International Whitson Midi Dress,Pink,https://www.very.co.uk/barbour-international-whitson-midi-dress-pink/1601100994.prd
,12,very,Barbour International Whitson Midi Dress,Pink,https://www.very.co.uk/barbour-international-whitson-midi-dress-pink/1601100994.prd
,14,very,Barbour International Whitson Midi Dress,Pink,https://www.very.co.uk/barbour-international-whitson-midi-dress-pink/1601100994.prd
,16,very,Barbour International Whitson Midi Dress,Pink,https://www.very.co.uk/barbour-international-whitson-midi-dress-pink/1601100994.prd
,18,very,Barbour International Whitson Midi Dress,Pink,https://www.very.co.uk/barbour-international-whitson-midi-dress-pink/1601100994.prd
,3,very,Barbour Ivy Sandal,Black,https://www.very.co.uk/barbour-ivy-sandal-black/1601100333.prd
,4,very,Barbour Ivy Sandal,Black,https://www.very.co.uk/barbour-ivy-sandal-black/1601100333.prd
,5,very,Barbour Ivy Sandal,Black,https://www.very.co.uk/barbour-ivy-sandal-black/1601100333.prd
,6,very,Barbour Ivy Sandal,Black,https://www.very.co.uk/barbour-ivy-sandal-black/1601100333.prd
,7,very,Barbour Ivy Sandal,Black,https://www.very.co.uk/barbour-ivy-sandal-black/1601100333.prd
,8,very,Barbour Ivy Sandal,Black,https://www.very.co.uk/barbour-ivy-sandal-black/1601100333.prd
,8,very,Barbour Jema Top,White,https://www.very.co.uk/barbour-jema-top-white/1601144494.prd
,10,very,Barbour Jema Top,White,https://www.very.co.uk/barbour-jema-top-white/1601144494.prd
,12,very,Barbour Jema Top,White,https://www.very.co.uk/barbour-jema-top-white/1601144494.prd
,14,very,Barbour Jema Top,White,https://www.very.co.uk/barbour-jema-top-white/1601144494.prd
,16,very,Barbour Jema Top,White,https://www.very.co.uk/barbour-jema-top-white/1601144494.prd
,18,very,Barbour Jema Top,White,https://www.very.co.uk/barbour-jema-top-white/1601144494.prd
,38,very,Barbour Jennings Moleskin Blazer,Navy,https://www.very.co.uk/barbour-jennings-moleskin-blazer-navy/1601174863.prd
,40,very,Barbour Jennings Moleskin Blazer,Navy,https://www.very.co.uk/barbour-jennings-moleskin-blazer-navy/1601174863.prd
,42,very,Barbour Jennings Moleskin Blazer,Navy,https://www.very.co.uk/barbour-jennings-moleskin-blazer-navy/1601174863.prd
,44,very,Barbour Jennings Moleskin Blazer,Navy,https://www.very.co.uk/barbour-jennings-moleskin-blazer-navy/1601174863.prd
,46,very,Barbour Jennings Moleskin Blazer,Navy,https://www.very.co.uk/barbour-jennings-moleskin-blazer-navy/1601174863.prd
,3,very,Barbour Kelburn Beach Sandals,Navy,https://www.very.co.uk/barbour-kelburn-beach-sandals-navy/1601100355.prd
,4,very,Barbour Kelburn Beach Sandals,Navy,https://www.very.co.uk/barbour-kelburn-beach-sandals-navy/1601100355.prd
,5,very,Barbour Kelburn Beach Sandals,Navy,https://www.very.co.uk/barbour-kelburn-beach-sandals-navy/1601100355.prd
,6,very,Barbour Kelburn Beach Sandals,Navy,https://www.very.co.uk/barbour-kelburn-beach-sandals-navy/1601100355.prd
,7,very,Barbour Kelburn Beach Sandals,Navy,https://www.very.co.uk/barbour-kelburn-beach-sandals-navy/1601100355.prd
,8,very,Barbour Kelburn Beach Sandals,Navy,https://www.very.co.uk/barbour-kelburn-beach-sandals-navy/1601100355.prd
,38,very,Barbour Kensington Check Single Breasted Modern Blazer,Brown,https://www.very.co.uk/barbour-kensington-check-single-breasted-modern-blazer-brown/1601174864.prd
,40,very,Barbour Kensington Check Single Breasted Modern Blazer,Brown,https://www.very.co.uk/barbour-kensington-check-single-breasted-modern-blazer-brown/1601174864.prd
,42,very,Barbour Kensington Check Single Breasted Modern Blazer,Brown,https://www.very.co.uk/barbour-kensington-check-single-breasted-modern-blazer-brown/1601174864.prd
,44,very,Barbour Kensington Check Single Breasted Modern Blazer,Brown,https://www.very.co.uk/barbour-kensington-check-single-breasted-modern-blazer-brown/1601174864.prd
,46,very,Barbour Kensington Check Single Breasted Modern Blazer,Brown,https://www.very.co.uk/barbour-kensington-check-single-breasted-modern-blazer-brown/1601174864.prd
,8,very,Barbour Knitted Maisy Trousers,Navy,https://www.very.co.uk/barbour-knitted-maisy-trousers-navy/1601100966.prd
,10,very,Barbour Knitted Maisy Trousers,Navy,https://www.very.co.uk/barbour-knitted-maisy-trousers-navy/1601100966.prd
,12,very,Barbour Knitted Maisy Trousers,Navy,https://www.very.co.uk/barbour-knitted-maisy-trousers-navy/1601100966.prd
,14,very,Barbour Knitted Maisy Trousers,Navy,https://www.very.co.uk/barbour-knitted-maisy-trousers-navy/1601100966.prd
,16,very,Barbour Knitted Maisy Trousers,Navy,https://www.very.co.uk/barbour-knitted-maisy-trousers-navy/1601100966.prd
,18,very,Barbour Knitted Maisy Trousers,Navy,https://www.very.co.uk/barbour-knitted-maisy-trousers-navy/1601100966.prd
,3,very,Barbour Leighton Tall Welly,Brown,https://www.very.co.uk/barbour-leighton-tall-welly-brown/1601183700.prd
,4,very,Barbour Leighton Tall Welly,Brown,https://www.very.co.uk/barbour-leighton-tall-welly-brown/1601183700.prd
,5,very,Barbour Leighton Tall Welly,Brown,https://www.very.co.uk/barbour-leighton-tall-welly-brown/1601183700.prd
,6,very,Barbour Leighton Tall Welly,Brown,https://www.very.co.uk/barbour-leighton-tall-welly-brown/1601183700.prd
,7,very,Barbour Leighton Tall Welly,Brown,https://www.very.co.uk/barbour-leighton-tall-welly-brown/1601183700.prd
,8,very,Barbour Leighton Tall Welly,Brown,https://www.very.co.uk/barbour-leighton-tall-welly-brown/1601183700.prd
,8,very,Barbour Louise Top,Cloud,https://www.very.co.uk/barbour-louise-top-cloud/1601144518.prd
,10,very,Barbour Louise Top,Cloud,https://www.very.co.uk/barbour-louise-top-cloud/1601144518.prd
,12,very,Barbour Louise Top,Cloud,https://www.very.co.uk/barbour-louise-top-cloud/1601144518.prd
,14,very,Barbour Louise Top,Cloud,https://www.very.co.uk/barbour-louise-top-cloud/1601144518.prd
,16,very,Barbour Louise Top,Cloud,https://www.very.co.uk/barbour-louise-top-cloud/1601144518.prd
,18,very,Barbour Louise Top,Cloud,https://www.very.co.uk/barbour-louise-top-cloud/1601144518.prd
,8,very,Barbour Lucy Top,Beige,https://www.very.co.uk/barbour-lucy-top-beige/1601144527.prd
,10,very,Barbour Lucy Top,Beige,https://www.very.co.uk/barbour-lucy-top-beige/1601144527.prd
,12,very,Barbour Lucy Top,Beige,https://www.very.co.uk/barbour-lucy-top-beige/1601144527.prd
,14,very,Barbour Lucy Top,Beige,https://www.very.co.uk/barbour-lucy-top-beige/1601144527.prd
,16,very,Barbour Lucy Top,Beige,https://www.very.co.uk/barbour-lucy-top-beige/1601144527.prd
,18,very,Barbour Lucy Top,Beige,https://www.very.co.uk/barbour-lucy-top-beige/1601144527.prd
,XXL,very,Barbour Mainland Knitted Cardigan,Khaki,https://www.very.co.uk/barbour-mainland-knitted-cardigan-khaki/1601174885.prd
,L,very,Barbour Mainland Knitted Cardigan,Khaki,https://www.very.co.uk/barbour-mainland-knitted-cardigan-khaki/1601174885.prd
,M,very,Barbour Mainland Knitted Cardigan,Khaki,https://www.very.co.uk/barbour-mainland-knitted-cardigan-khaki/1601174885.prd
,S,very,Barbour Mainland Knitted Cardigan,Khaki,https://www.very.co.uk/barbour-mainland-knitted-cardigan-khaki/1601174885.prd
,XL,very,Barbour Mainland Knitted Cardigan,Khaki,https://www.very.co.uk/barbour-mainland-knitted-cardigan-khaki/1601174885.prd
,XXL,very,Barbour Mainland Knitted Cardigan,Cream,https://www.very.co.uk/barbour-mainland-knitted-cardigan-cream/1601174797.prd
,L,very,Barbour Mainland Knitted Cardigan,Cream,https://www.very.co.uk/barbour-mainland-knitted-cardigan-cream/1601174797.prd
,M,very,Barbour Mainland Knitted Cardigan,Cream,https://www.very.co.uk/barbour-mainland-knitted-cardigan-cream/1601174797.prd
,S,very,Barbour Mainland Knitted Cardigan,Cream,https://www.very.co.uk/barbour-mainland-knitted-cardigan-cream/1601174797.prd
,XL,very,Barbour Mainland Knitted Cardigan,Cream,https://www.very.co.uk/barbour-mainland-knitted-cardigan-cream/1601174797.prd
,6,very,Barbour Marlow Lace Up Wellington Boots,Brown,https://www.very.co.uk/barbour-marlow-lace-up-wellington-boots-brown/1601180582.prd
,7,very,Barbour Marlow Lace Up Wellington Boots,Brown,https://www.very.co.uk/barbour-marlow-lace-up-wellington-boots-brown/1601180582.prd
,8,very,Barbour Marlow Lace Up Wellington Boots,Brown,https://www.very.co.uk/barbour-marlow-lace-up-wellington-boots-brown/1601180582.prd
,9,very,Barbour Marlow Lace Up Wellington Boots,Brown,https://www.very.co.uk/barbour-marlow-lace-up-wellington-boots-brown/1601180582.prd
,10,very,Barbour Marlow Lace Up Wellington Boots,Brown,https://www.very.co.uk/barbour-marlow-lace-up-wellington-boots-brown/1601180582.prd
,11,very,Barbour Marlow Lace Up Wellington Boots,Brown,https://www.very.co.uk/barbour-marlow-lace-up-wellington-boots-brown/1601180582.prd
,12,very,Barbour Marlow Lace Up Wellington Boots,Brown,https://www.very.co.uk/barbour-marlow-lace-up-wellington-boots-brown/1601180582.prd
,6,very,Barbour Marlow Lace Up Wellington Boots,Black,https://www.very.co.uk/barbour-marlow-lace-up-wellington-boots-black/1601180567.prd
,7,very,Barbour Marlow Lace Up Wellington Boots,Black,https://www.very.co.uk/barbour-marlow-lace-up-wellington-boots-black/1601180567.prd
,8,very,Barbour Marlow Lace Up Wellington Boots,Black,https://www.very.co.uk/barbour-marlow-lace-up-wellington-boots-black/1601180567.prd
,9,very,Barbour Marlow Lace Up Wellington Boots,Black,https://www.very.co.uk/barbour-marlow-lace-up-wellington-boots-black/1601180567.prd
,10,very,Barbour Marlow Lace Up Wellington Boots,Black,https://www.very.co.uk/barbour-marlow-lace-up-wellington-boots-black/1601180567.prd
,11,very,Barbour Marlow Lace Up Wellington Boots,Black,https://www.very.co.uk/barbour-marlow-lace-up-wellington-boots-black/1601180567.prd
,12,very,Barbour Marlow Lace Up Wellington Boots,Black,https://www.very.co.uk/barbour-marlow-lace-up-wellington-boots-black/1601180567.prd
,6,very,Barbour Meays Waxed Leather Chukka Boots,Black,https://www.very.co.uk/barbour-meays-waxed-leather-chukka-boots-black/1601180559.prd
,7,very,Barbour Meays Waxed Leather Chukka Boots,Black,https://www.very.co.uk/barbour-meays-waxed-leather-chukka-boots-black/1601180559.prd
,8,very,Barbour Meays Waxed Leather Chukka Boots,Black,https://www.very.co.uk/barbour-meays-waxed-leather-chukka-boots-black/1601180559.prd
,9,very,Barbour Meays Waxed Leather Chukka Boots,Black,https://www.very.co.uk/barbour-meays-waxed-leather-chukka-boots-black/1601180559.prd
,10,very,Barbour Meays Waxed Leather Chukka Boots,Black,https://www.very.co.uk/barbour-meays-waxed-leather-chukka-boots-black/1601180559.prd
,11,very,Barbour Meays Waxed Leather Chukka Boots,Black,https://www.very.co.uk/barbour-meays-waxed-leather-chukka-boots-black/1601180559.prd
,12,very,Barbour Meays Waxed Leather Chukka Boots,Black,https://www.very.co.uk/barbour-meays-waxed-leather-chukka-boots-black/1601180559.prd
,6,very,Barbour Meays Waxed Leather Chukka Boots,Brown,https://www.very.co.uk/barbour-meays-waxed-leather-chukka-boots-brown/1601180568.prd
,7,very,Barbour Meays Waxed Leather Chukka Boots,Brown,https://www.very.co.uk/barbour-meays-waxed-leather-chukka-boots-brown/1601180568.prd
,8,very,Barbour Meays Waxed Leather Chukka Boots,Brown,https://www.very.co.uk/barbour-meays-waxed-leather-chukka-boots-brown/1601180568.prd
,9,very,Barbour Meays Waxed Leather Chukka Boots,Brown,https://www.very.co.uk/barbour-meays-waxed-leather-chukka-boots-brown/1601180568.prd
,10,very,Barbour Meays Waxed Leather Chukka Boots,Brown,https://www.very.co.uk/barbour-meays-waxed-leather-chukka-boots-brown/1601180568.prd
,11,very,Barbour Meays Waxed Leather Chukka Boots,Brown,https://www.very.co.uk/barbour-meays-waxed-leather-chukka-boots-brown/1601180568.prd
,12,very,Barbour Meays Waxed Leather Chukka Boots,Brown,https://www.very.co.uk/barbour-meays-waxed-leather-chukka-boots-brown/1601180568.prd
,8,very,Barbour Milda Knitted Bomber,Off White,https://www.very.co.uk/barbour-milda-knitted-bomber-off-white/1601183761.prd
,10,very,Barbour Milda Knitted Bomber,Off White,https://www.very.co.uk/barbour-milda-knitted-bomber-off-white/1601183761.prd
,12,very,Barbour Milda Knitted Bomber,Off White,https://www.very.co.uk/barbour-milda-knitted-bomber-off-white/1601183761.prd
,14,very,Barbour Milda Knitted Bomber,Off White,https://www.very.co.uk/barbour-milda-knitted-bomber-off-white/1601183761.prd
,16,very,Barbour Milda Knitted Bomber,Off White,https://www.very.co.uk/barbour-milda-knitted-bomber-off-white/1601183761.prd
,18,very,Barbour Milda Knitted Bomber,Off White,https://www.very.co.uk/barbour-milda-knitted-bomber-off-white/1601183761.prd
,8,very,Barbour Millie Sweatshirt,Beige,https://www.very.co.uk/barbour-millie-sweatshirt-beige/1601101027.prd
,10,very,Barbour Millie Sweatshirt,Beige,https://www.very.co.uk/barbour-millie-sweatshirt-beige/1601101027.prd
,12,very,Barbour Millie Sweatshirt,Beige,https://www.very.co.uk/barbour-millie-sweatshirt-beige/1601101027.prd
,14,very,Barbour Millie Sweatshirt,Beige,https://www.very.co.uk/barbour-millie-sweatshirt-beige/1601101027.prd
,16,very,Barbour Millie Sweatshirt,Beige,https://www.very.co.uk/barbour-millie-sweatshirt-beige/1601101027.prd
,18,very,Barbour Millie Sweatshirt,Beige,https://www.very.co.uk/barbour-millie-sweatshirt-beige/1601101027.prd
,6,very,Barbour Monty Slippers,Navy Suede,https://www.very.co.uk/barbour-monty-slippers-navy-suede/1600377594.prd
,7,very,Barbour Monty Slippers,Navy Suede,https://www.very.co.uk/barbour-monty-slippers-navy-suede/1600377594.prd
,8,very,Barbour Monty Slippers,Navy Suede,https://www.very.co.uk/barbour-monty-slippers-navy-suede/1600377594.prd
,9,very,Barbour Monty Slippers,Navy Suede,https://www.very.co.uk/barbour-monty-slippers-navy-suede/1600377594.prd
,10,very,Barbour Monty Slippers,Navy Suede,https://www.very.co.uk/barbour-monty-slippers-navy-suede/1600377594.prd
,11,very,Barbour Monty Slippers,Navy Suede,https://www.very.co.uk/barbour-monty-slippers-navy-suede/1600377594.prd
,12,very,Barbour Monty Slippers,Navy Suede,https://www.very.co.uk/barbour-monty-slippers-navy-suede/1600377594.prd
,XXL,very,Barbour Newfield Wool Peacoat,Navy,https://www.very.co.uk/barbour-newfield-wool-peacoat-navy/1601174826.prd
,L,very,Barbour Newfield Wool Peacoat,Navy,https://www.very.co.uk/barbour-newfield-wool-peacoat-navy/1601174826.prd
,M,very,Barbour Newfield Wool Peacoat,Navy,https://www.very.co.uk/barbour-newfield-wool-peacoat-navy/1601174826.prd
,S,very,Barbour Newfield Wool Peacoat,Navy,https://www.very.co.uk/barbour-newfield-wool-peacoat-navy/1601174826.prd
,XL,very,Barbour Newfield Wool Peacoat,Navy,https://www.very.co.uk/barbour-newfield-wool-peacoat-navy/1601174826.prd
,6,very,Barbour Nimbus Ankle Wellington Boots,Black,https://www.very.co.uk/barbour-nimbus-ankle-wellington-boots-black/1600605280.prd
,7,very,Barbour Nimbus Ankle Wellington Boots,Black,https://www.very.co.uk/barbour-nimbus-ankle-wellington-boots-black/1600605280.prd
,8,very,Barbour Nimbus Ankle Wellington Boots,Black,https://www.very.co.uk/barbour-nimbus-ankle-wellington-boots-black/1600605280.prd
,9,very,Barbour Nimbus Ankle Wellington Boots,Black,https://www.very.co.uk/barbour-nimbus-ankle-wellington-boots-black/1600605280.prd
,10,very,Barbour Nimbus Ankle Wellington Boots,Black,https://www.very.co.uk/barbour-nimbus-ankle-wellington-boots-black/1600605280.prd
,11,very,Barbour Nimbus Ankle Wellington Boots,Black,https://www.very.co.uk/barbour-nimbus-ankle-wellington-boots-black/1600605280.prd
,12,very,Barbour Nimbus Ankle Wellington Boots,Black,https://www.very.co.uk/barbour-nimbus-ankle-wellington-boots-black/1600605280.prd
,6,very,Barbour Nimbus Chelsea Wellington Boots,Brown,https://www.very.co.uk/barbour-nimbus-chelsea-wellington-boots-brown/1601180583.prd
,7,very,Barbour Nimbus Chelsea Wellington Boots,Brown,https://www.very.co.uk/barbour-nimbus-chelsea-wellington-boots-brown/1601180583.prd
,8,very,Barbour Nimbus Chelsea Wellington Boots,Brown,https://www.very.co.uk/barbour-nimbus-chelsea-wellington-boots-brown/1601180583.prd
,9,very,Barbour Nimbus Chelsea Wellington Boots,Brown,https://www.very.co.uk/barbour-nimbus-chelsea-wellington-boots-brown/1601180583.prd
,10,very,Barbour Nimbus Chelsea Wellington Boots,Brown,https://www.very.co.uk/barbour-nimbus-chelsea-wellington-boots-brown/1601180583.prd
,11,very,Barbour Nimbus Chelsea Wellington Boots,Brown,https://www.very.co.uk/barbour-nimbus-chelsea-wellington-boots-brown/1601180583.prd
,12,very,Barbour Nimbus Chelsea Wellington Boots,Brown,https://www.very.co.uk/barbour-nimbus-chelsea-wellington-boots-brown/1601180583.prd
,3,very,Barbour Nimbus Chelsea Welly,Green,https://www.very.co.uk/barbour-nimbus-chelsea-welly-green/1601100339.prd
,4,very,Barbour Nimbus Chelsea Welly,Green,https://www.very.co.uk/barbour-nimbus-chelsea-welly-green/1601100339.prd
,5,very,Barbour Nimbus Chelsea Welly,Green,https://www.very.co.uk/barbour-nimbus-chelsea-welly-green/1601100339.prd
,6,very,Barbour Nimbus Chelsea Welly,Green,https://www.very.co.uk/barbour-nimbus-chelsea-welly-green/1601100339.prd
,7,very,Barbour Nimbus Chelsea Welly,Green,https://www.very.co.uk/barbour-nimbus-chelsea-welly-green/1601100339.prd
,8,very,Barbour Nimbus Chelsea Welly,Green,https://www.very.co.uk/barbour-nimbus-chelsea-welly-green/1601100339.prd
,9,very,Barbour Nimbus Chelsea Welly,Green,https://www.very.co.uk/barbour-nimbus-chelsea-welly-green/1601100339.prd
,8,very,Barbour Northumberland Hoodie,White,https://www.very.co.uk/barbour-northumberland-hoodie-white/1601101005.prd
,10,very,Barbour Northumberland Hoodie,White,https://www.very.co.uk/barbour-northumberland-hoodie-white/1601101005.prd
,12,very,Barbour Northumberland Hoodie,White,https://www.very.co.uk/barbour-northumberland-hoodie-white/1601101005.prd
,14,very,Barbour Northumberland Hoodie,White,https://www.very.co.uk/barbour-northumberland-hoodie-white/1601101005.prd
,16,very,Barbour Northumberland Hoodie,White,https://www.very.co.uk/barbour-northumberland-hoodie-white/1601101005.prd
,18,very,Barbour Northumberland Hoodie,White,https://www.very.co.uk/barbour-northumberland-hoodie-white/1601101005.prd
,8,very,Barbour Northumberland Hoodie,Beige,https://www.very.co.uk/barbour-northumberland-hoodie-beige/1601183754.prd
,10,very,Barbour Northumberland Hoodie,Beige,https://www.very.co.uk/barbour-northumberland-hoodie-beige/1601183754.prd
,12,very,Barbour Northumberland Hoodie,Beige,https://www.very.co.uk/barbour-northumberland-hoodie-beige/1601183754.prd
,14,very,Barbour Northumberland Hoodie,Beige,https://www.very.co.uk/barbour-northumberland-hoodie-beige/1601183754.prd
,16,very,Barbour Northumberland Hoodie,Beige,https://www.very.co.uk/barbour-northumberland-hoodie-beige/1601183754.prd
,18,very,Barbour Northumberland Hoodie,Beige,https://www.very.co.uk/barbour-northumberland-hoodie-beige/1601183754.prd
,8,very,Barbour Northumberland Sweatshirt,Pink,https://www.very.co.uk/barbour-northumberland-sweatshirt-pink/1601183828.prd
,10,very,Barbour Northumberland Sweatshirt,Pink,https://www.very.co.uk/barbour-northumberland-sweatshirt-pink/1601183828.prd
,12,very,Barbour Northumberland Sweatshirt,Pink,https://www.very.co.uk/barbour-northumberland-sweatshirt-pink/1601183828.prd
,14,very,Barbour Northumberland Sweatshirt,Pink,https://www.very.co.uk/barbour-northumberland-sweatshirt-pink/1601183828.prd
,16,very,Barbour Northumberland Sweatshirt,Pink,https://www.very.co.uk/barbour-northumberland-sweatshirt-pink/1601183828.prd
,18,very,Barbour Northumberland Sweatshirt,Pink,https://www.very.co.uk/barbour-northumberland-sweatshirt-pink/1601183828.prd
,8,very,Barbour Northumberland Sweatshirt,Beige,https://www.very.co.uk/barbour-northumberland-sweatshirt-beige/1601012140.prd
,10,very,Barbour Northumberland Sweatshirt,Beige,https://www.very.co.uk/barbour-northumberland-sweatshirt-beige/1601012140.prd
,12,very,Barbour Northumberland Sweatshirt,Beige,https://www.very.co.uk/barbour-northumberland-sweatshirt-beige/1601012140.prd
,14,very,Barbour Northumberland Sweatshirt,Beige,https://www.very.co.uk/barbour-northumberland-sweatshirt-beige/1601012140.prd
,16,very,Barbour Northumberland Sweatshirt,Beige,https://www.very.co.uk/barbour-northumberland-sweatshirt-beige/1601012140.prd
,18,very,Barbour Northumberland Sweatshirt,Beige,https://www.very.co.uk/barbour-northumberland-sweatshirt-beige/1601012140.prd
,XXL,very,Barbour Pique Interlock 1/2 Zip Sweat,Dark Blue,https://www.very.co.uk/barbour-pique-interlock-12-zip-sweat-dark-blue/1601092504.prd
,L,very,Barbour Pique Interlock 1/2 Zip Sweat,Dark Blue,https://www.very.co.uk/barbour-pique-interlock-12-zip-sweat-dark-blue/1601092504.prd
,M,very,Barbour Pique Interlock 1/2 Zip Sweat,Dark Blue,https://www.very.co.uk/barbour-pique-interlock-12-zip-sweat-dark-blue/1601092504.prd
,S,very,Barbour Pique Interlock 1/2 Zip Sweat,Dark Blue,https://www.very.co.uk/barbour-pique-interlock-12-zip-sweat-dark-blue/1601092504.prd
,XL,very,Barbour Pique Interlock 1/2 Zip Sweat,Dark Blue,https://www.very.co.uk/barbour-pique-interlock-12-zip-sweat-dark-blue/1601092504.prd
,3,very,Barbour Raelynn Welly,Beige,https://www.very.co.uk/barbour-raelynn-welly-beige/1601100351.prd
,4,very,Barbour Raelynn Welly,Beige,https://www.very.co.uk/barbour-raelynn-welly-beige/1601100351.prd
,5,very,Barbour Raelynn Welly,Beige,https://www.very.co.uk/barbour-raelynn-welly-beige/1601100351.prd
,6,very,Barbour Raelynn Welly,Beige,https://www.very.co.uk/barbour-raelynn-welly-beige/1601100351.prd
,7,very,Barbour Raelynn Welly,Beige,https://www.very.co.uk/barbour-raelynn-welly-beige/1601100351.prd
,8,very,Barbour Raelynn Welly,Beige,https://www.very.co.uk/barbour-raelynn-welly-beige/1601100351.prd
,9,very,Barbour Raelynn Welly,Beige,https://www.very.co.uk/barbour-raelynn-welly-beige/1601100351.prd
,6,very,Barbour Readhead Chukka Boots,Tan,https://www.very.co.uk/barbour-readhead-chukka-boots-nbsptan/1600277528.prd
,7,very,Barbour Readhead Chukka Boots,Tan,https://www.very.co.uk/barbour-readhead-chukka-boots-nbsptan/1600277528.prd
,8,very,Barbour Readhead Chukka Boots,Tan,https://www.very.co.uk/barbour-readhead-chukka-boots-nbsptan/1600277528.prd
,9,very,Barbour Readhead Chukka Boots,Tan,https://www.very.co.uk/barbour-readhead-chukka-boots-nbsptan/1600277528.prd
,10,very,Barbour Readhead Chukka Boots,Tan,https://www.very.co.uk/barbour-readhead-chukka-boots-nbsptan/1600277528.prd
,11,very,Barbour Readhead Chukka Boots,Tan,https://www.very.co.uk/barbour-readhead-chukka-boots-nbsptan/1600277528.prd
,12,very,Barbour Readhead Chukka Boots,Tan,https://www.very.co.uk/barbour-readhead-chukka-boots-nbsptan/1600277528.prd
,6,very,Barbour Readhead Lace - Up Boot,Black,https://www.very.co.uk/barbour-readhead-lace-up-boot-black/1600308374.prd
,7,very,Barbour Readhead Lace - Up Boot,Black,https://www.very.co.uk/barbour-readhead-lace-up-boot-black/1600308374.prd
,8,very,Barbour Readhead Lace - Up Boot,Black,https://www.very.co.uk/barbour-readhead-lace-up-boot-black/1600308374.prd
,9,very,Barbour Readhead Lace - Up Boot,Black,https://www.very.co.uk/barbour-readhead-lace-up-boot-black/1600308374.prd
,10,very,Barbour Readhead Lace - Up Boot,Black,https://www.very.co.uk/barbour-readhead-lace-up-boot-black/1600308374.prd
,11,very,Barbour Readhead Lace - Up Boot,Black,https://www.very.co.uk/barbour-readhead-lace-up-boot-black/1600308374.prd
,12,very,Barbour Readhead Lace - Up Boot,Black,https://www.very.co.uk/barbour-readhead-lace-up-boot-black/1600308374.prd
,6,very,Barbour Ridge Wellington,Black,https://www.very.co.uk/barbour-ridge-wellington-black/1601092111.prd
,7,very,Barbour Ridge Wellington,Black,https://www.very.co.uk/barbour-ridge-wellington-black/1601092111.prd
,8,very,Barbour Ridge Wellington,Black,https://www.very.co.uk/barbour-ridge-wellington-black/1601092111.prd
,9,very,Barbour Ridge Wellington,Black,https://www.very.co.uk/barbour-ridge-wellington-black/1601092111.prd
,10,very,Barbour Ridge Wellington,Black,https://www.very.co.uk/barbour-ridge-wellington-black/1601092111.prd
,11,very,Barbour Ridge Wellington,Black,https://www.very.co.uk/barbour-ridge-wellington-black/1601092111.prd
,12,very,Barbour Ridge Wellington,Black,https://www.very.co.uk/barbour-ridge-wellington-black/1601092111.prd
,8,very,Barbour Robyn Trench Showerproof,Beige,https://www.very.co.uk/barbour-robyn-trench-showerproof-beige/1601183758.prd
,10,very,Barbour Robyn Trench Showerproof,Beige,https://www.very.co.uk/barbour-robyn-trench-showerproof-beige/1601183758.prd
,12,very,Barbour Robyn Trench Showerproof,Beige,https://www.very.co.uk/barbour-robyn-trench-showerproof-beige/1601183758.prd
,14,very,Barbour Robyn Trench Showerproof,Beige,https://www.very.co.uk/barbour-robyn-trench-showerproof-beige/1601183758.prd
,16,very,Barbour Robyn Trench Showerproof,Beige,https://www.very.co.uk/barbour-robyn-trench-showerproof-beige/1601183758.prd
,18,very,Barbour Robyn Trench Showerproof,Beige,https://www.very.co.uk/barbour-robyn-trench-showerproof-beige/1601183758.prd
,6,very,Barbour Tempest Tall Wellington Boots,Black,https://www.very.co.uk/barbour-tempest-tall-wellington-boots-black/1601180584.prd
,7,very,Barbour Tempest Tall Wellington Boots,Black,https://www.very.co.uk/barbour-tempest-tall-wellington-boots-black/1601180584.prd
,8,very,Barbour Tempest Tall Wellington Boots,Black,https://www.very.co.uk/barbour-tempest-tall-wellington-boots-black/1601180584.prd
,9,very,Barbour Tempest Tall Wellington Boots,Black,https://www.very.co.uk/barbour-tempest-tall-wellington-boots-black/1601180584.prd
,10,very,Barbour Tempest Tall Wellington Boots,Black,https://www.very.co.uk/barbour-tempest-tall-wellington-boots-black/1601180584.prd
,11,very,Barbour Tempest Tall Wellington Boots,Black,https://www.very.co.uk/barbour-tempest-tall-wellington-boots-black/1601180584.prd
,12,very,Barbour Tempest Tall Wellington Boots,Black,https://www.very.co.uk/barbour-tempest-tall-wellington-boots-black/1601180584.prd
,6,very,Barbour Tempest Tall Wellington Boots,Green,https://www.very.co.uk/barbour-tempest-tall-wellington-boots-green/1601180569.prd
,7,very,Barbour Tempest Tall Wellington Boots,Green,https://www.very.co.uk/barbour-tempest-tall-wellington-boots-green/1601180569.prd
,8,very,Barbour Tempest Tall Wellington Boots,Green,https://www.very.co.uk/barbour-tempest-tall-wellington-boots-green/1601180569.prd
,9,very,Barbour Tempest Tall Wellington Boots,Green,https://www.very.co.uk/barbour-tempest-tall-wellington-boots-green/1601180569.prd
,10,very,Barbour Tempest Tall Wellington Boots,Green,https://www.very.co.uk/barbour-tempest-tall-wellington-boots-green/1601180569.prd
,11,very,Barbour Tempest Tall Wellington Boots,Green,https://www.very.co.uk/barbour-tempest-tall-wellington-boots-green/1601180569.prd
,12,very,Barbour Tempest Tall Wellington Boots,Green,https://www.very.co.uk/barbour-tempest-tall-wellington-boots-green/1601180569.prd
,L,very,Barbour Travel and Exercise Tartan Dog Harness,Brown,https://www.very.co.uk/barbour-travel-and-exercise-tartan-dog-harness-brown/1601180684.prd
,M,very,Barbour Travel and Exercise Tartan Dog Harness,Brown,https://www.very.co.uk/barbour-travel-and-exercise-tartan-dog-harness-brown/1601180684.prd
,S,very,Barbour Travel and Exercise Tartan Dog Harness,Brown,https://www.very.co.uk/barbour-travel-and-exercise-tartan-dog-harness-brown/1601180684.prd
,6,very,Barbour Wake Boat Shoes,Navy,https://www.very.co.uk/barbour-wake-boat-shoes-navy/1601171865.prd
,7,very,Barbour Wake Boat Shoes,Navy,https://www.very.co.uk/barbour-wake-boat-shoes-navy/1601171865.prd
,8,very,Barbour Wake Boat Shoes,Navy,https://www.very.co.uk/barbour-wake-boat-shoes-navy/1601171865.prd
,9,very,Barbour Wake Boat Shoes,Navy,https://www.very.co.uk/barbour-wake-boat-shoes-navy/1601171865.prd
,10,very,Barbour Wake Boat Shoes,Navy,https://www.very.co.uk/barbour-wake-boat-shoes-navy/1601171865.prd
,11,very,Barbour Wake Boat Shoes,Navy,https://www.very.co.uk/barbour-wake-boat-shoes-navy/1601171865.prd
,12,very,Barbour Wake Boat Shoes,Navy,https://www.very.co.uk/barbour-wake-boat-shoes-navy/1601171865.prd
,3,very,Barbour Wilton Chelsea Wellies,Navy,https://www.very.co.uk/barbour-wilton-chelsea-wellies-navy/1601183692.prd
,4,very,Barbour Wilton Chelsea Wellies,Navy,https://www.very.co.uk/barbour-wilton-chelsea-wellies-navy/1601183692.prd
,5,very,Barbour Wilton Chelsea Wellies,Navy,https://www.very.co.uk/barbour-wilton-chelsea-wellies-navy/1601183692.prd
,6,very,Barbour Wilton Chelsea Wellies,Navy,https://www.very.co.uk/barbour-wilton-chelsea-wellies-navy/1601183692.prd
,7,very,Barbour Wilton Chelsea Wellies,Navy,https://www.very.co.uk/barbour-wilton-chelsea-wellies-navy/1601183692.prd
,8,very,Barbour Wilton Chelsea Wellies,Navy,https://www.very.co.uk/barbour-wilton-chelsea-wellies-navy/1601183692.prd
